name,feature,mask,defects,fold,cv
012b8863-976c-44e1-a491-9adf19c1cbba_0,../data/001_Fire_Only/img/012b8863-976c-44e1-a491-9adf19c1cbba_0.npy,../data/001_Fire_Only/ann/012b8863-976c-44e1-a491-9adf19c1cbba_0.npy,False,1,3
0328d12a-4ad8-4504-8ac5-70089db10b4e_0,../data/001_Fire_Only/img/0328d12a-4ad8-4504-8ac5-70089db10b4e_0.npy,../data/001_Fire_Only/ann/0328d12a-4ad8-4504-8ac5-70089db10b4e_0.npy,False,4,3
0328d12a-4ad8-4504-8ac5-70089db10b4e_1,../data/001_Fire_Only/img/0328d12a-4ad8-4504-8ac5-70089db10b4e_1.npy,../data/001_Fire_Only/ann/0328d12a-4ad8-4504-8ac5-70089db10b4e_1.npy,False,4,0
03790d1a-5b9c-48ed-820d-83abbe656035_0,../data/001_Fire_Only/img/03790d1a-5b9c-48ed-820d-83abbe656035_0.npy,../data/001_Fire_Only/ann/03790d1a-5b9c-48ed-820d-83abbe656035_0.npy,False,3,3
03790d1a-5b9c-48ed-820d-83abbe656035_1,../data/001_Fire_Only/img/03790d1a-5b9c-48ed-820d-83abbe656035_1.npy,../data/001_Fire_Only/ann/03790d1a-5b9c-48ed-820d-83abbe656035_1.npy,False,3,3
039885ad-e4f2-461e-9784-60508d0a7ab5_0,../data/001_Fire_Only/img/039885ad-e4f2-461e-9784-60508d0a7ab5_0.npy,../data/001_Fire_Only/ann/039885ad-e4f2-461e-9784-60508d0a7ab5_0.npy,False,1,1
039885ad-e4f2-461e-9784-60508d0a7ab5_1,../data/001_Fire_Only/img/039885ad-e4f2-461e-9784-60508d0a7ab5_1.npy,../data/001_Fire_Only/ann/039885ad-e4f2-461e-9784-60508d0a7ab5_1.npy,False,1,3
039885ad-e4f2-461e-9784-60508d0a7ab5_2,../data/001_Fire_Only/img/039885ad-e4f2-461e-9784-60508d0a7ab5_2.npy,../data/001_Fire_Only/ann/039885ad-e4f2-461e-9784-60508d0a7ab5_2.npy,False,1,0
039885ad-e4f2-461e-9784-60508d0a7ab5_3,../data/001_Fire_Only/img/039885ad-e4f2-461e-9784-60508d0a7ab5_3.npy,../data/001_Fire_Only/ann/039885ad-e4f2-461e-9784-60508d0a7ab5_3.npy,False,1,1
051de91d-9d50-423a-a130-4e51bd0d33f7_0,../data/001_Fire_Only/img/051de91d-9d50-423a-a130-4e51bd0d33f7_0.npy,../data/001_Fire_Only/ann/051de91d-9d50-423a-a130-4e51bd0d33f7_0.npy,False,4,0
058dcb9e-f349-40bf-868b-7afa8dc9bb5a_0,../data/001_Fire_Only/img/058dcb9e-f349-40bf-868b-7afa8dc9bb5a_0.npy,../data/001_Fire_Only/ann/058dcb9e-f349-40bf-868b-7afa8dc9bb5a_0.npy,False,3,1
05cfef86-3e27-42be-a0cb-a61fe2f89e40_0,,,True,1,2
06181a53-1181-427c-9f60-55040bde0a9a_0,,,True,0,0
06181a53-1181-427c-9f60-55040bde0a9a_1,,,True,0,1
063bbb69-baf1-460b-95cc-9dfbe53ffe4a_0,../data/001_Fire_Only/img/063bbb69-baf1-460b-95cc-9dfbe53ffe4a_0.npy,../data/001_Fire_Only/ann/063bbb69-baf1-460b-95cc-9dfbe53ffe4a_0.npy,False,2,0
063bbb69-baf1-460b-95cc-9dfbe53ffe4a_1,../data/001_Fire_Only/img/063bbb69-baf1-460b-95cc-9dfbe53ffe4a_1.npy,../data/001_Fire_Only/ann/063bbb69-baf1-460b-95cc-9dfbe53ffe4a_1.npy,False,2,2
0719bb9d-6e70-4321-9c68-bb90fb3fa486_0,../data/001_Fire_Only/img/0719bb9d-6e70-4321-9c68-bb90fb3fa486_0.npy,../data/001_Fire_Only/ann/0719bb9d-6e70-4321-9c68-bb90fb3fa486_0.npy,False,4,0
07cef1a8-a256-4e35-8a9f-2220098e59c6_0,,,True,3,3
089ca2a1-39a8-44e1-8bdb-8caa39facce1_0,../data/001_Fire_Only/img/089ca2a1-39a8-44e1-8bdb-8caa39facce1_0.npy,../data/001_Fire_Only/ann/089ca2a1-39a8-44e1-8bdb-8caa39facce1_0.npy,False,3,0
0a137d2b-bf5e-408c-a95a-a12d2171fe98_0,../data/001_Fire_Only/img/0a137d2b-bf5e-408c-a95a-a12d2171fe98_0.npy,../data/001_Fire_Only/ann/0a137d2b-bf5e-408c-a95a-a12d2171fe98_0.npy,False,1,3
0a137d2b-bf5e-408c-a95a-a12d2171fe98_1,../data/001_Fire_Only/img/0a137d2b-bf5e-408c-a95a-a12d2171fe98_1.npy,../data/001_Fire_Only/ann/0a137d2b-bf5e-408c-a95a-a12d2171fe98_1.npy,False,1,0
0c00e665-3bfa-48ff-9a51-5cd9e89e0f22_0,,,True,1,3
0d0468d7-9667-4d9d-a6a5-3cdd09ed413c_0,,,True,0,0
0d0468d7-9667-4d9d-a6a5-3cdd09ed413c_1,,,True,0,0
0d30a00f-208f-4c9e-9aed-676527463854_0,../data/001_Fire_Only/img/0d30a00f-208f-4c9e-9aed-676527463854_0.npy,../data/001_Fire_Only/ann/0d30a00f-208f-4c9e-9aed-676527463854_0.npy,False,2,3
0d30a00f-208f-4c9e-9aed-676527463854_1,../data/001_Fire_Only/img/0d30a00f-208f-4c9e-9aed-676527463854_1.npy,../data/001_Fire_Only/ann/0d30a00f-208f-4c9e-9aed-676527463854_1.npy,False,2,1
0d3e255c-8067-4d12-a419-31eaea0b4810_0,../data/001_Fire_Only/img/0d3e255c-8067-4d12-a419-31eaea0b4810_0.npy,../data/001_Fire_Only/ann/0d3e255c-8067-4d12-a419-31eaea0b4810_0.npy,False,3,3
0f973be3-4452-46e2-8a60-63ec4789b415_0,../data/001_Fire_Only/img/0f973be3-4452-46e2-8a60-63ec4789b415_0.npy,../data/001_Fire_Only/ann/0f973be3-4452-46e2-8a60-63ec4789b415_0.npy,False,2,3
0f973be3-4452-46e2-8a60-63ec4789b415_1,../data/001_Fire_Only/img/0f973be3-4452-46e2-8a60-63ec4789b415_1.npy,../data/001_Fire_Only/ann/0f973be3-4452-46e2-8a60-63ec4789b415_1.npy,False,2,2
0ff249de-784d-4760-a039-ed9f92eca60c_0,../data/001_Fire_Only/img/0ff249de-784d-4760-a039-ed9f92eca60c_0.npy,../data/001_Fire_Only/ann/0ff249de-784d-4760-a039-ed9f92eca60c_0.npy,False,0,0
0ff249de-784d-4760-a039-ed9f92eca60c_1,../data/001_Fire_Only/img/0ff249de-784d-4760-a039-ed9f92eca60c_1.npy,../data/001_Fire_Only/ann/0ff249de-784d-4760-a039-ed9f92eca60c_1.npy,False,0,0
0ff249de-784d-4760-a039-ed9f92eca60c_2,../data/001_Fire_Only/img/0ff249de-784d-4760-a039-ed9f92eca60c_2.npy,../data/001_Fire_Only/ann/0ff249de-784d-4760-a039-ed9f92eca60c_2.npy,False,0,1
102ad46e-a89c-4656-bee0-2d6ef4fdaa8d_0,../data/001_Fire_Only/img/102ad46e-a89c-4656-bee0-2d6ef4fdaa8d_0.npy,../data/001_Fire_Only/ann/102ad46e-a89c-4656-bee0-2d6ef4fdaa8d_0.npy,False,3,0
102ad46e-a89c-4656-bee0-2d6ef4fdaa8d_1,../data/001_Fire_Only/img/102ad46e-a89c-4656-bee0-2d6ef4fdaa8d_1.npy,../data/001_Fire_Only/ann/102ad46e-a89c-4656-bee0-2d6ef4fdaa8d_1.npy,False,3,0
1087ccdb-44af-4043-845c-d79e00fef8bc_0,../data/001_Fire_Only/img/1087ccdb-44af-4043-845c-d79e00fef8bc_0.npy,../data/001_Fire_Only/ann/1087ccdb-44af-4043-845c-d79e00fef8bc_0.npy,False,0,0
10e9b0b6-f9df-4c1d-9c1e-503cb7e37b7b_0,../data/001_Fire_Only/img/10e9b0b6-f9df-4c1d-9c1e-503cb7e37b7b_0.npy,../data/001_Fire_Only/ann/10e9b0b6-f9df-4c1d-9c1e-503cb7e37b7b_0.npy,False,4,3
10e9b0b6-f9df-4c1d-9c1e-503cb7e37b7b_1,../data/001_Fire_Only/img/10e9b0b6-f9df-4c1d-9c1e-503cb7e37b7b_1.npy,../data/001_Fire_Only/ann/10e9b0b6-f9df-4c1d-9c1e-503cb7e37b7b_1.npy,False,4,0
112904ad-b26d-41c8-8ff5-e85ffe2e200d_0,../data/001_Fire_Only/img/112904ad-b26d-41c8-8ff5-e85ffe2e200d_0.npy,../data/001_Fire_Only/ann/112904ad-b26d-41c8-8ff5-e85ffe2e200d_0.npy,False,2,1
1286cd7d-feb6-4638-a35a-576644290de8_0,../data/001_Fire_Only/img/1286cd7d-feb6-4638-a35a-576644290de8_0.npy,../data/001_Fire_Only/ann/1286cd7d-feb6-4638-a35a-576644290de8_0.npy,False,3,0
1286cd7d-feb6-4638-a35a-576644290de8_1,../data/001_Fire_Only/img/1286cd7d-feb6-4638-a35a-576644290de8_1.npy,../data/001_Fire_Only/ann/1286cd7d-feb6-4638-a35a-576644290de8_1.npy,False,3,1
13ad574c-c8d1-4e9e-842c-b5464bce1a13_0,,,True,0,2
1487acd6-ef40-424e-ad31-fc64607029fe_0,../data/001_Fire_Only/img/1487acd6-ef40-424e-ad31-fc64607029fe_0.npy,../data/001_Fire_Only/ann/1487acd6-ef40-424e-ad31-fc64607029fe_0.npy,False,1,0
15616b46-f241-4fc5-94b2-d256860b52cc_0,,,True,0,1
15616b46-f241-4fc5-94b2-d256860b52cc_1,,,True,0,2
15616b46-f241-4fc5-94b2-d256860b52cc_10,,,True,0,3
15616b46-f241-4fc5-94b2-d256860b52cc_11,,,True,0,2
15616b46-f241-4fc5-94b2-d256860b52cc_12,,,True,0,2
15616b46-f241-4fc5-94b2-d256860b52cc_2,,,True,0,1
15616b46-f241-4fc5-94b2-d256860b52cc_3,,,True,0,2
15616b46-f241-4fc5-94b2-d256860b52cc_4,,,True,0,0
15616b46-f241-4fc5-94b2-d256860b52cc_5,,,True,0,0
15616b46-f241-4fc5-94b2-d256860b52cc_6,,,True,0,0
15616b46-f241-4fc5-94b2-d256860b52cc_7,,,True,0,0
15616b46-f241-4fc5-94b2-d256860b52cc_8,,,True,0,3
15616b46-f241-4fc5-94b2-d256860b52cc_9,,,True,0,1
15d193e9-cf6e-4338-a559-12c2fb743208_0,,,True,3,2
15d193e9-cf6e-4338-a559-12c2fb743208_1,,,True,3,3
1649bc75-b03a-4fd2-a2c5-64f18b38c0f1_0,../data/001_Fire_Only/img/1649bc75-b03a-4fd2-a2c5-64f18b38c0f1_0.npy,../data/001_Fire_Only/ann/1649bc75-b03a-4fd2-a2c5-64f18b38c0f1_0.npy,False,4,3
16d946be-dbee-47e4-8874-87a1efa6bfbc_0,,,True,3,2
18b6f881-62d5-423d-aa2e-1a2eb12184c5_0,../data/001_Fire_Only/img/18b6f881-62d5-423d-aa2e-1a2eb12184c5_0.npy,../data/001_Fire_Only/ann/18b6f881-62d5-423d-aa2e-1a2eb12184c5_0.npy,False,3,2
1df95e85-5e21-43e1-8434-047cea61e001_0,,,True,4,1
1df95e85-5e21-43e1-8434-047cea61e001_1,,,True,4,2
1df95e85-5e21-43e1-8434-047cea61e001_2,,,True,4,3
1df95e85-5e21-43e1-8434-047cea61e001_3,,,True,4,0
2034ddc4-d5ed-4dd1-b9f3-31dd41868a50_0,../data/001_Fire_Only/img/2034ddc4-d5ed-4dd1-b9f3-31dd41868a50_0.npy,../data/001_Fire_Only/ann/2034ddc4-d5ed-4dd1-b9f3-31dd41868a50_0.npy,False,1,2
20cb665f-0a1e-4c4e-bb87-6bd88f6015c5_0,../data/001_Fire_Only/img/20cb665f-0a1e-4c4e-bb87-6bd88f6015c5_0.npy,../data/001_Fire_Only/ann/20cb665f-0a1e-4c4e-bb87-6bd88f6015c5_0.npy,False,3,3
20e66ca1-f962-4db2-890e-83d8ce276edf_0,../data/001_Fire_Only/img/20e66ca1-f962-4db2-890e-83d8ce276edf_0.npy,../data/001_Fire_Only/ann/20e66ca1-f962-4db2-890e-83d8ce276edf_0.npy,False,3,1
21c5b7d4-442f-4620-b2f1-bfbd8b57ceb9_0,,,True,2,1
2329a9bd-9bbd-43d7-8890-d29a59c4c7dd_0,../data/001_Fire_Only/img/2329a9bd-9bbd-43d7-8890-d29a59c4c7dd_0.npy,../data/001_Fire_Only/ann/2329a9bd-9bbd-43d7-8890-d29a59c4c7dd_0.npy,False,2,3
23d7bccf-4a84-42bd-9c0a-45a7461c28a3_0,../data/001_Fire_Only/img/23d7bccf-4a84-42bd-9c0a-45a7461c28a3_0.npy,../data/001_Fire_Only/ann/23d7bccf-4a84-42bd-9c0a-45a7461c28a3_0.npy,False,4,0
253c752d-cfba-43c6-8838-6f07c0cde033_0,,,True,2,2
25b443c7-bc9b-4368-ac2d-0f87191eff4b_0,../data/001_Fire_Only/img/25b443c7-bc9b-4368-ac2d-0f87191eff4b_0.npy,../data/001_Fire_Only/ann/25b443c7-bc9b-4368-ac2d-0f87191eff4b_0.npy,False,4,1
25b443c7-bc9b-4368-ac2d-0f87191eff4b_1,../data/001_Fire_Only/img/25b443c7-bc9b-4368-ac2d-0f87191eff4b_1.npy,../data/001_Fire_Only/ann/25b443c7-bc9b-4368-ac2d-0f87191eff4b_1.npy,False,4,3
25e83b57-dc2d-43ad-a8d5-25076085e6ba_0,,,True,2,0
25e83b57-dc2d-43ad-a8d5-25076085e6ba_1,,,True,2,3
270908a1-a110-4167-896e-bc0a847b3d31_0,../data/001_Fire_Only/img/270908a1-a110-4167-896e-bc0a847b3d31_0.npy,../data/001_Fire_Only/ann/270908a1-a110-4167-896e-bc0a847b3d31_0.npy,False,0,3
27181c20-089c-4c15-bdf7-55f48c58a6cf_0,../data/001_Fire_Only/img/27181c20-089c-4c15-bdf7-55f48c58a6cf_0.npy,../data/001_Fire_Only/ann/27181c20-089c-4c15-bdf7-55f48c58a6cf_0.npy,False,4,0
27181c20-089c-4c15-bdf7-55f48c58a6cf_1,../data/001_Fire_Only/img/27181c20-089c-4c15-bdf7-55f48c58a6cf_1.npy,../data/001_Fire_Only/ann/27181c20-089c-4c15-bdf7-55f48c58a6cf_1.npy,False,4,3
27181c20-089c-4c15-bdf7-55f48c58a6cf_2,../data/001_Fire_Only/img/27181c20-089c-4c15-bdf7-55f48c58a6cf_2.npy,../data/001_Fire_Only/ann/27181c20-089c-4c15-bdf7-55f48c58a6cf_2.npy,False,4,3
27181c20-089c-4c15-bdf7-55f48c58a6cf_3,../data/001_Fire_Only/img/27181c20-089c-4c15-bdf7-55f48c58a6cf_3.npy,../data/001_Fire_Only/ann/27181c20-089c-4c15-bdf7-55f48c58a6cf_3.npy,False,4,0
277f602b-c0d2-410a-8d6d-f2e88b7287e3_0,../data/001_Fire_Only/img/277f602b-c0d2-410a-8d6d-f2e88b7287e3_0.npy,../data/001_Fire_Only/ann/277f602b-c0d2-410a-8d6d-f2e88b7287e3_0.npy,False,2,0
278230bc-402d-488d-b31e-af9576fcec7c_0,,,True,3,2
278230bc-402d-488d-b31e-af9576fcec7c_1,,,True,3,2
290e60d2-4bee-4ae3-8107-77489972e819_0,../data/001_Fire_Only/img/290e60d2-4bee-4ae3-8107-77489972e819_0.npy,../data/001_Fire_Only/ann/290e60d2-4bee-4ae3-8107-77489972e819_0.npy,False,4,3
299ee670-19b1-4a76-bef3-34fd55580711_0,,,True,1,3
299ee670-19b1-4a76-bef3-34fd55580711_1,,,True,1,1
2a80c15a-ed1d-4981-9f8c-5f2abce36b65_0,,,True,0,3
2c286716-1756-4759-8b86-45119b7c313d_0,../data/001_Fire_Only/img/2c286716-1756-4759-8b86-45119b7c313d_0.npy,../data/001_Fire_Only/ann/2c286716-1756-4759-8b86-45119b7c313d_0.npy,False,1,1
2ce4d589-2919-4df5-b7e4-e493ad5871bb_0,,,True,2,2
2e11ddca-f840-466f-81f2-70a72f6dc9d7_0,../data/001_Fire_Only/img/2e11ddca-f840-466f-81f2-70a72f6dc9d7_0.npy,../data/001_Fire_Only/ann/2e11ddca-f840-466f-81f2-70a72f6dc9d7_0.npy,False,2,1
2e131813-25ad-4653-a3b2-95c8196a6228_0,../data/001_Fire_Only/img/2e131813-25ad-4653-a3b2-95c8196a6228_0.npy,../data/001_Fire_Only/ann/2e131813-25ad-4653-a3b2-95c8196a6228_0.npy,False,3,2
2e131813-25ad-4653-a3b2-95c8196a6228_1,../data/001_Fire_Only/img/2e131813-25ad-4653-a3b2-95c8196a6228_1.npy,../data/001_Fire_Only/ann/2e131813-25ad-4653-a3b2-95c8196a6228_1.npy,False,3,2
2e131813-25ad-4653-a3b2-95c8196a6228_2,../data/001_Fire_Only/img/2e131813-25ad-4653-a3b2-95c8196a6228_2.npy,../data/001_Fire_Only/ann/2e131813-25ad-4653-a3b2-95c8196a6228_2.npy,False,3,1
2e131813-25ad-4653-a3b2-95c8196a6228_3,../data/001_Fire_Only/img/2e131813-25ad-4653-a3b2-95c8196a6228_3.npy,../data/001_Fire_Only/ann/2e131813-25ad-4653-a3b2-95c8196a6228_3.npy,False,3,0
2e131813-25ad-4653-a3b2-95c8196a6228_4,../data/001_Fire_Only/img/2e131813-25ad-4653-a3b2-95c8196a6228_4.npy,../data/001_Fire_Only/ann/2e131813-25ad-4653-a3b2-95c8196a6228_4.npy,False,3,2
2e131813-25ad-4653-a3b2-95c8196a6228_5,../data/001_Fire_Only/img/2e131813-25ad-4653-a3b2-95c8196a6228_5.npy,../data/001_Fire_Only/ann/2e131813-25ad-4653-a3b2-95c8196a6228_5.npy,False,3,2
2e131813-25ad-4653-a3b2-95c8196a6228_6,../data/001_Fire_Only/img/2e131813-25ad-4653-a3b2-95c8196a6228_6.npy,../data/001_Fire_Only/ann/2e131813-25ad-4653-a3b2-95c8196a6228_6.npy,False,3,1
2e131813-25ad-4653-a3b2-95c8196a6228_7,../data/001_Fire_Only/img/2e131813-25ad-4653-a3b2-95c8196a6228_7.npy,../data/001_Fire_Only/ann/2e131813-25ad-4653-a3b2-95c8196a6228_7.npy,False,3,0
2e131813-25ad-4653-a3b2-95c8196a6228_8,../data/001_Fire_Only/img/2e131813-25ad-4653-a3b2-95c8196a6228_8.npy,../data/001_Fire_Only/ann/2e131813-25ad-4653-a3b2-95c8196a6228_8.npy,False,3,1
2efc986a-4bcc-4d94-97e6-6b171962555a_0,../data/001_Fire_Only/img/2efc986a-4bcc-4d94-97e6-6b171962555a_0.npy,../data/001_Fire_Only/ann/2efc986a-4bcc-4d94-97e6-6b171962555a_0.npy,False,0,0
2f8e659c-f457-4527-a57f-bffc3bbe0baa_0,../data/001_Fire_Only/img/2f8e659c-f457-4527-a57f-bffc3bbe0baa_0.npy,../data/001_Fire_Only/ann/2f8e659c-f457-4527-a57f-bffc3bbe0baa_0.npy,False,3,2
30103beb-5300-4b87-a72b-cf964321552f_0,,,True,1,0
30420aa8-e1ca-4b84-9f4a-961d7124663e_0,,,True,1,2
30420aa8-e1ca-4b84-9f4a-961d7124663e_1,,,True,1,2
31468790-b26b-42f9-8efd-e6fdc6e4af5c_0,,,True,4,2
317ec3fd-4dfd-4198-a177-27fc9f796e88_0,../data/001_Fire_Only/img/317ec3fd-4dfd-4198-a177-27fc9f796e88_0.npy,../data/001_Fire_Only/ann/317ec3fd-4dfd-4198-a177-27fc9f796e88_0.npy,False,1,2
317ec3fd-4dfd-4198-a177-27fc9f796e88_1,../data/001_Fire_Only/img/317ec3fd-4dfd-4198-a177-27fc9f796e88_1.npy,../data/001_Fire_Only/ann/317ec3fd-4dfd-4198-a177-27fc9f796e88_1.npy,False,1,3
32c0b01d-249a-493f-9774-a5270ac55de0_0,../data/001_Fire_Only/img/32c0b01d-249a-493f-9774-a5270ac55de0_0.npy,../data/001_Fire_Only/ann/32c0b01d-249a-493f-9774-a5270ac55de0_0.npy,False,2,2
340db47d-3605-4bf8-ab90-2e59ec13a6d8_0,../data/001_Fire_Only/img/340db47d-3605-4bf8-ab90-2e59ec13a6d8_0.npy,../data/001_Fire_Only/ann/340db47d-3605-4bf8-ab90-2e59ec13a6d8_0.npy,False,3,0
340db47d-3605-4bf8-ab90-2e59ec13a6d8_1,../data/001_Fire_Only/img/340db47d-3605-4bf8-ab90-2e59ec13a6d8_1.npy,../data/001_Fire_Only/ann/340db47d-3605-4bf8-ab90-2e59ec13a6d8_1.npy,False,3,0
35579f9f-0a51-459b-9dab-299f2c2b0b75_0,../data/001_Fire_Only/img/35579f9f-0a51-459b-9dab-299f2c2b0b75_0.npy,../data/001_Fire_Only/ann/35579f9f-0a51-459b-9dab-299f2c2b0b75_0.npy,False,0,1
35768b80-98ac-4457-a13d-145ef6efe576_0,../data/001_Fire_Only/img/35768b80-98ac-4457-a13d-145ef6efe576_0.npy,../data/001_Fire_Only/ann/35768b80-98ac-4457-a13d-145ef6efe576_0.npy,False,4,2
38f31af8-786d-47cd-8ac0-7f778d649368_0,../data/001_Fire_Only/img/38f31af8-786d-47cd-8ac0-7f778d649368_0.npy,../data/001_Fire_Only/ann/38f31af8-786d-47cd-8ac0-7f778d649368_0.npy,False,1,0
3a1358a2-6155-445a-a269-13bebd9741a8_0,,,True,4,0
3a80c390-726d-43af-ac0a-cabdadac5e46_0,../data/001_Fire_Only/img/3a80c390-726d-43af-ac0a-cabdadac5e46_0.npy,../data/001_Fire_Only/ann/3a80c390-726d-43af-ac0a-cabdadac5e46_0.npy,False,1,2
3a80c390-726d-43af-ac0a-cabdadac5e46_1,../data/001_Fire_Only/img/3a80c390-726d-43af-ac0a-cabdadac5e46_1.npy,../data/001_Fire_Only/ann/3a80c390-726d-43af-ac0a-cabdadac5e46_1.npy,False,1,0
3ad04fb9-15d2-4b75-aef7-06b11543cce5_0,../data/001_Fire_Only/img/3ad04fb9-15d2-4b75-aef7-06b11543cce5_0.npy,../data/001_Fire_Only/ann/3ad04fb9-15d2-4b75-aef7-06b11543cce5_0.npy,False,3,1
3c89a5f6-9fb6-4ec8-b4e7-e073f356f7b2_0,../data/001_Fire_Only/img/3c89a5f6-9fb6-4ec8-b4e7-e073f356f7b2_0.npy,../data/001_Fire_Only/ann/3c89a5f6-9fb6-4ec8-b4e7-e073f356f7b2_0.npy,False,4,2
3c89a5f6-9fb6-4ec8-b4e7-e073f356f7b2_1,../data/001_Fire_Only/img/3c89a5f6-9fb6-4ec8-b4e7-e073f356f7b2_1.npy,../data/001_Fire_Only/ann/3c89a5f6-9fb6-4ec8-b4e7-e073f356f7b2_1.npy,False,4,2
3c89a5f6-9fb6-4ec8-b4e7-e073f356f7b2_2,../data/001_Fire_Only/img/3c89a5f6-9fb6-4ec8-b4e7-e073f356f7b2_2.npy,../data/001_Fire_Only/ann/3c89a5f6-9fb6-4ec8-b4e7-e073f356f7b2_2.npy,False,4,3
3c89a5f6-9fb6-4ec8-b4e7-e073f356f7b2_3,../data/001_Fire_Only/img/3c89a5f6-9fb6-4ec8-b4e7-e073f356f7b2_3.npy,../data/001_Fire_Only/ann/3c89a5f6-9fb6-4ec8-b4e7-e073f356f7b2_3.npy,False,4,2
3c89a5f6-9fb6-4ec8-b4e7-e073f356f7b2_4,../data/001_Fire_Only/img/3c89a5f6-9fb6-4ec8-b4e7-e073f356f7b2_4.npy,../data/001_Fire_Only/ann/3c89a5f6-9fb6-4ec8-b4e7-e073f356f7b2_4.npy,False,4,1
3c89a5f6-9fb6-4ec8-b4e7-e073f356f7b2_5,../data/001_Fire_Only/img/3c89a5f6-9fb6-4ec8-b4e7-e073f356f7b2_5.npy,../data/001_Fire_Only/ann/3c89a5f6-9fb6-4ec8-b4e7-e073f356f7b2_5.npy,False,4,1
3cad4ddc-255e-4337-9541-198c8f44aa78_0,../data/001_Fire_Only/img/3cad4ddc-255e-4337-9541-198c8f44aa78_0.npy,../data/001_Fire_Only/ann/3cad4ddc-255e-4337-9541-198c8f44aa78_0.npy,False,2,0
3cc39771-65bb-4f6c-9dec-df97df7db9d3_0,../data/001_Fire_Only/img/3cc39771-65bb-4f6c-9dec-df97df7db9d3_0.npy,../data/001_Fire_Only/ann/3cc39771-65bb-4f6c-9dec-df97df7db9d3_0.npy,False,4,3
3cc39771-65bb-4f6c-9dec-df97df7db9d3_1,../data/001_Fire_Only/img/3cc39771-65bb-4f6c-9dec-df97df7db9d3_1.npy,../data/001_Fire_Only/ann/3cc39771-65bb-4f6c-9dec-df97df7db9d3_1.npy,False,4,2
40046638-dccf-4cb5-a279-eebb2bb8fb7b_0,,,True,1,2
4137b90c-96d4-4fe5-93e3-3a258ca1c3aa_0,../data/001_Fire_Only/img/4137b90c-96d4-4fe5-93e3-3a258ca1c3aa_0.npy,../data/001_Fire_Only/ann/4137b90c-96d4-4fe5-93e3-3a258ca1c3aa_0.npy,False,1,2
4137b90c-96d4-4fe5-93e3-3a258ca1c3aa_1,../data/001_Fire_Only/img/4137b90c-96d4-4fe5-93e3-3a258ca1c3aa_1.npy,../data/001_Fire_Only/ann/4137b90c-96d4-4fe5-93e3-3a258ca1c3aa_1.npy,False,1,2
41d6e498-2fd6-4815-bb89-6fcc018cfef7_0,../data/001_Fire_Only/img/41d6e498-2fd6-4815-bb89-6fcc018cfef7_0.npy,../data/001_Fire_Only/ann/41d6e498-2fd6-4815-bb89-6fcc018cfef7_0.npy,False,4,1
41f33b2d-98e2-4b2f-8f76-f549cea10817_0,,,True,4,2
456e0407-ad64-44d5-9db7-ad70ed01aab8_0,,,True,3,0
45c152c0-4589-4b88-afe7-be71973f84ef_0,../data/001_Fire_Only/img/45c152c0-4589-4b88-afe7-be71973f84ef_0.npy,../data/001_Fire_Only/ann/45c152c0-4589-4b88-afe7-be71973f84ef_0.npy,False,4,0
46705f46-b244-4e09-bcea-18ff46e133db_0,../data/001_Fire_Only/img/46705f46-b244-4e09-bcea-18ff46e133db_0.npy,../data/001_Fire_Only/ann/46705f46-b244-4e09-bcea-18ff46e133db_0.npy,False,4,2
469a6f5c-6ef0-40af-b609-c2b687018729_0,,,True,1,3
469a6f5c-6ef0-40af-b609-c2b687018729_1,,,True,1,0
4730798a-ae8c-44b0-8627-6f5fc4e6ab06_0,,,True,4,1
47d81ca0-657d-4a37-a527-e1649329645b_0,../data/001_Fire_Only/img/47d81ca0-657d-4a37-a527-e1649329645b_0.npy,../data/001_Fire_Only/ann/47d81ca0-657d-4a37-a527-e1649329645b_0.npy,False,2,1
483143d9-7abb-4791-a64e-cceea6f1263d_0,../data/001_Fire_Only/img/483143d9-7abb-4791-a64e-cceea6f1263d_0.npy,../data/001_Fire_Only/ann/483143d9-7abb-4791-a64e-cceea6f1263d_0.npy,False,3,3
483143d9-7abb-4791-a64e-cceea6f1263d_1,../data/001_Fire_Only/img/483143d9-7abb-4791-a64e-cceea6f1263d_1.npy,../data/001_Fire_Only/ann/483143d9-7abb-4791-a64e-cceea6f1263d_1.npy,False,3,3
48edfc98-a886-4acc-8f1c-7eb6f726bf56_0,,,True,3,2
48edfc98-a886-4acc-8f1c-7eb6f726bf56_1,,,True,3,1
49670c68-4c66-4389-bd72-9a9392ffae99_0,../data/001_Fire_Only/img/49670c68-4c66-4389-bd72-9a9392ffae99_0.npy,../data/001_Fire_Only/ann/49670c68-4c66-4389-bd72-9a9392ffae99_0.npy,False,0,0
497f80b4-878a-4f97-9522-5edcd5229dfb_0,../data/001_Fire_Only/img/497f80b4-878a-4f97-9522-5edcd5229dfb_0.npy,../data/001_Fire_Only/ann/497f80b4-878a-4f97-9522-5edcd5229dfb_0.npy,False,0,1
497f80b4-878a-4f97-9522-5edcd5229dfb_1,../data/001_Fire_Only/img/497f80b4-878a-4f97-9522-5edcd5229dfb_1.npy,../data/001_Fire_Only/ann/497f80b4-878a-4f97-9522-5edcd5229dfb_1.npy,False,0,1
497f80b4-878a-4f97-9522-5edcd5229dfb_2,../data/001_Fire_Only/img/497f80b4-878a-4f97-9522-5edcd5229dfb_2.npy,../data/001_Fire_Only/ann/497f80b4-878a-4f97-9522-5edcd5229dfb_2.npy,False,0,1
49f0aa55-5bcd-41c2-9acd-8d50ff884db7_0,../data/001_Fire_Only/img/49f0aa55-5bcd-41c2-9acd-8d50ff884db7_0.npy,../data/001_Fire_Only/ann/49f0aa55-5bcd-41c2-9acd-8d50ff884db7_0.npy,False,0,2
4b345b0f-3993-45f4-a1aa-81a769e69987_0,,,True,2,0
4b3f5e55-337e-4303-92c3-369c5339c2ec_0,,,True,1,1
4b3f5e55-337e-4303-92c3-369c5339c2ec_1,,,True,1,1
4b4b79d9-746f-4fab-b910-1cda73796ef1_0,,,True,1,2
4b4b79d9-746f-4fab-b910-1cda73796ef1_1,,,True,1,0
4cdaac91-4a11-42aa-b704-597eac54cbd5_0,../data/001_Fire_Only/img/4cdaac91-4a11-42aa-b704-597eac54cbd5_0.npy,../data/001_Fire_Only/ann/4cdaac91-4a11-42aa-b704-597eac54cbd5_0.npy,False,2,2
4cdaac91-4a11-42aa-b704-597eac54cbd5_1,../data/001_Fire_Only/img/4cdaac91-4a11-42aa-b704-597eac54cbd5_1.npy,../data/001_Fire_Only/ann/4cdaac91-4a11-42aa-b704-597eac54cbd5_1.npy,False,2,2
4dd7c9c7-8fee-4e6a-9e20-aefd4c668ba1_0,../data/001_Fire_Only/img/4dd7c9c7-8fee-4e6a-9e20-aefd4c668ba1_0.npy,../data/001_Fire_Only/ann/4dd7c9c7-8fee-4e6a-9e20-aefd4c668ba1_0.npy,False,4,3
4dd7c9c7-8fee-4e6a-9e20-aefd4c668ba1_1,../data/001_Fire_Only/img/4dd7c9c7-8fee-4e6a-9e20-aefd4c668ba1_1.npy,../data/001_Fire_Only/ann/4dd7c9c7-8fee-4e6a-9e20-aefd4c668ba1_1.npy,False,4,2
4ee04e32-1dcd-416a-8e2d-fc04fe9ad3f3_0,../data/001_Fire_Only/img/4ee04e32-1dcd-416a-8e2d-fc04fe9ad3f3_0.npy,../data/001_Fire_Only/ann/4ee04e32-1dcd-416a-8e2d-fc04fe9ad3f3_0.npy,False,3,1
4ee04e32-1dcd-416a-8e2d-fc04fe9ad3f3_1,../data/001_Fire_Only/img/4ee04e32-1dcd-416a-8e2d-fc04fe9ad3f3_1.npy,../data/001_Fire_Only/ann/4ee04e32-1dcd-416a-8e2d-fc04fe9ad3f3_1.npy,False,3,0
50957f2b-791d-4691-a074-c844cd9291fa_0,,,True,0,2
50f1abe5-ae9e-46a2-b656-db48b5f4ccca_0,,,True,3,0
50f1abe5-ae9e-46a2-b656-db48b5f4ccca_1,,,True,3,1
51b2fa4f-dfa2-49d1-b616-6d74c740fc44_0,../data/001_Fire_Only/img/51b2fa4f-dfa2-49d1-b616-6d74c740fc44_0.npy,../data/001_Fire_Only/ann/51b2fa4f-dfa2-49d1-b616-6d74c740fc44_0.npy,False,4,3
52dce185-840f-44c4-ad02-a894b66ba6ab_0,../data/001_Fire_Only/img/52dce185-840f-44c4-ad02-a894b66ba6ab_0.npy,../data/001_Fire_Only/ann/52dce185-840f-44c4-ad02-a894b66ba6ab_0.npy,False,4,0
5340ea26-de6c-4cff-b880-66de3e75497e_0,../data/001_Fire_Only/img/5340ea26-de6c-4cff-b880-66de3e75497e_0.npy,../data/001_Fire_Only/ann/5340ea26-de6c-4cff-b880-66de3e75497e_0.npy,False,1,1
566aae14-4aaf-486f-822e-2ae703516a90_0,,,True,4,1
56eb7f42-1a35-4418-ab51-22c5fa3fad2d_0,../data/001_Fire_Only/img/56eb7f42-1a35-4418-ab51-22c5fa3fad2d_0.npy,../data/001_Fire_Only/ann/56eb7f42-1a35-4418-ab51-22c5fa3fad2d_0.npy,False,3,0
58adb8e0-7089-4583-9571-a3967cff4e2f_0,../data/001_Fire_Only/img/58adb8e0-7089-4583-9571-a3967cff4e2f_0.npy,../data/001_Fire_Only/ann/58adb8e0-7089-4583-9571-a3967cff4e2f_0.npy,False,3,0
58e958f8-0596-4475-8277-9b2372897d0e_0,,,True,4,3
5ba5df5d-58c9-4523-a3f8-42e6fe24d476_0,../data/001_Fire_Only/img/5ba5df5d-58c9-4523-a3f8-42e6fe24d476_0.npy,../data/001_Fire_Only/ann/5ba5df5d-58c9-4523-a3f8-42e6fe24d476_0.npy,False,2,2
5defb074-bacc-495c-9b09-ba664e9f782a_0,../data/001_Fire_Only/img/5defb074-bacc-495c-9b09-ba664e9f782a_0.npy,../data/001_Fire_Only/ann/5defb074-bacc-495c-9b09-ba664e9f782a_0.npy,False,2,3
5f6aafe9-a51b-49a8-84f3-9a09ae7614c3_0,,,True,0,2
5f6aafe9-a51b-49a8-84f3-9a09ae7614c3_1,,,True,0,2
607295c8-e43a-4407-888a-119ef73bfed1_0,../data/001_Fire_Only/img/607295c8-e43a-4407-888a-119ef73bfed1_0.npy,../data/001_Fire_Only/ann/607295c8-e43a-4407-888a-119ef73bfed1_0.npy,False,4,2
608fa9d0-8502-4151-9e46-2ec7d0321c39_0,,,True,0,0
6198185f-ed51-43b0-bf7a-dd80d1340879_0,,,True,1,3
6396ce8b-6bd2-4c12-83bb-5ffa3c876cd3_0,../data/001_Fire_Only/img/6396ce8b-6bd2-4c12-83bb-5ffa3c876cd3_0.npy,../data/001_Fire_Only/ann/6396ce8b-6bd2-4c12-83bb-5ffa3c876cd3_0.npy,False,4,2
6483556c-1334-4495-8589-148462b0a33f_0,../data/001_Fire_Only/img/6483556c-1334-4495-8589-148462b0a33f_0.npy,../data/001_Fire_Only/ann/6483556c-1334-4495-8589-148462b0a33f_0.npy,False,0,1
6483556c-1334-4495-8589-148462b0a33f_1,../data/001_Fire_Only/img/6483556c-1334-4495-8589-148462b0a33f_1.npy,../data/001_Fire_Only/ann/6483556c-1334-4495-8589-148462b0a33f_1.npy,False,0,1
6487f121-ea2c-48fa-b396-863c8c44f054_0,../data/001_Fire_Only/img/6487f121-ea2c-48fa-b396-863c8c44f054_0.npy,../data/001_Fire_Only/ann/6487f121-ea2c-48fa-b396-863c8c44f054_0.npy,False,4,3
64d63346-6fb7-496c-8097-7d99187584b3_0,,,True,4,1
64d63346-6fb7-496c-8097-7d99187584b3_1,,,True,4,3
652d2302-2a46-4b66-a2d1-229268c3de57_0,,,True,0,2
666033d0-0920-4619-9463-714b5e16ff33_0,,,True,1,2
666033d0-0920-4619-9463-714b5e16ff33_1,,,True,1,2
69a02c49-4756-4dee-b361-366f0ab0dc28_0,,,True,3,1
69ab9dd2-7c42-45e4-a315-4239296fa5d8_0,../data/001_Fire_Only/img/69ab9dd2-7c42-45e4-a315-4239296fa5d8_0.npy,../data/001_Fire_Only/ann/69ab9dd2-7c42-45e4-a315-4239296fa5d8_0.npy,False,0,2
6ab3192f-c11b-4727-b498-42d79ccf7b15_0,,,True,4,3
6ad844b3-6be3-4b08-87bf-6dfe78ecfc91_0,,,True,4,0
6b5dd559-fca5-40d7-b2ef-6a92de31babf_0,../data/001_Fire_Only/img/6b5dd559-fca5-40d7-b2ef-6a92de31babf_0.npy,../data/001_Fire_Only/ann/6b5dd559-fca5-40d7-b2ef-6a92de31babf_0.npy,False,3,3
6ce804b1-5d1c-4502-bdc3-b27b9e239026_0,,,True,0,2
6e29b512-9367-4da1-a402-f373e02d5af4_0,,,True,1,3
6e2cab59-2090-4d49-b9c4-669e45ff65fc_0,../data/001_Fire_Only/img/6e2cab59-2090-4d49-b9c4-669e45ff65fc_0.npy,../data/001_Fire_Only/ann/6e2cab59-2090-4d49-b9c4-669e45ff65fc_0.npy,False,0,0
6e62d9e4-b141-48c2-b2c8-49d59611a4e5_0,../data/001_Fire_Only/img/6e62d9e4-b141-48c2-b2c8-49d59611a4e5_0.npy,../data/001_Fire_Only/ann/6e62d9e4-b141-48c2-b2c8-49d59611a4e5_0.npy,False,2,0
6e6aaaf6-ff31-41b6-ac41-9a0ba668fceb_0,../data/001_Fire_Only/img/6e6aaaf6-ff31-41b6-ac41-9a0ba668fceb_0.npy,../data/001_Fire_Only/ann/6e6aaaf6-ff31-41b6-ac41-9a0ba668fceb_0.npy,False,3,1
6e6aaaf6-ff31-41b6-ac41-9a0ba668fceb_1,../data/001_Fire_Only/img/6e6aaaf6-ff31-41b6-ac41-9a0ba668fceb_1.npy,../data/001_Fire_Only/ann/6e6aaaf6-ff31-41b6-ac41-9a0ba668fceb_1.npy,False,3,0
6e7bdce6-f793-451e-8448-821adbcacf70_0,,,True,2,0
6e7bdce6-f793-451e-8448-821adbcacf70_1,,,True,2,3
6e7bdce6-f793-451e-8448-821adbcacf70_2,,,True,2,3
6ec23152-b3f2-4f1a-97b8-9cc6edc32d45_0,../data/001_Fire_Only/img/6ec23152-b3f2-4f1a-97b8-9cc6edc32d45_0.npy,../data/001_Fire_Only/ann/6ec23152-b3f2-4f1a-97b8-9cc6edc32d45_0.npy,False,2,2
6ec85e66-07ef-4f2c-b260-b125849e8098_0,../data/001_Fire_Only/img/6ec85e66-07ef-4f2c-b260-b125849e8098_0.npy,../data/001_Fire_Only/ann/6ec85e66-07ef-4f2c-b260-b125849e8098_0.npy,False,3,1
70e159b4-442e-4b51-af72-455e9742591a_0,../data/001_Fire_Only/img/70e159b4-442e-4b51-af72-455e9742591a_0.npy,../data/001_Fire_Only/ann/70e159b4-442e-4b51-af72-455e9742591a_0.npy,False,4,0
71bc5762-a368-4e21-8e1d-cbabb7644db5_0,,,True,2,0
71bc5762-a368-4e21-8e1d-cbabb7644db5_1,,,True,2,1
71ca42d1-a7b8-4de2-991d-3d9f5fdd0499_0,../data/001_Fire_Only/img/71ca42d1-a7b8-4de2-991d-3d9f5fdd0499_0.npy,../data/001_Fire_Only/ann/71ca42d1-a7b8-4de2-991d-3d9f5fdd0499_0.npy,False,4,2
721c4120-252e-4ed6-bd48-315c9948bcf3_0,,,True,1,1
721c4120-252e-4ed6-bd48-315c9948bcf3_1,,,True,1,0
726b9b77-d14b-4e5c-b512-a044aaaa4981_0,../data/001_Fire_Only/img/726b9b77-d14b-4e5c-b512-a044aaaa4981_0.npy,../data/001_Fire_Only/ann/726b9b77-d14b-4e5c-b512-a044aaaa4981_0.npy,False,2,2
72d37a20-fe52-4d8d-ba6c-ddd0cee24513_0,,,True,1,2
72d37a20-fe52-4d8d-ba6c-ddd0cee24513_1,,,True,1,1
7404c717-c699-43c6-8630-928dc2de136b_0,,,True,1,3
7592012c-ad9d-4ffa-8fd0-de56091a1453_0,../data/001_Fire_Only/img/7592012c-ad9d-4ffa-8fd0-de56091a1453_0.npy,../data/001_Fire_Only/ann/7592012c-ad9d-4ffa-8fd0-de56091a1453_0.npy,False,4,2
75dc4de0-cbc7-4e3c-bab0-63b65e7e0d4b_0,../data/001_Fire_Only/img/75dc4de0-cbc7-4e3c-bab0-63b65e7e0d4b_0.npy,../data/001_Fire_Only/ann/75dc4de0-cbc7-4e3c-bab0-63b65e7e0d4b_0.npy,False,0,1
76d4a84a-2ad5-42f5-b81c-3daf2c4f1c02_0,,,True,0,0
76d4a84a-2ad5-42f5-b81c-3daf2c4f1c02_1,,,True,0,3
76d4a84a-2ad5-42f5-b81c-3daf2c4f1c02_2,,,True,0,0
7790a12b-40fa-4272-87d1-d77f681795ca_0,,,True,2,2
78d97df5-bf0c-4432-b0b7-3314ae5550d0_0,,,True,3,3
7942825b-a568-4eb6-8289-871abb6c2cb6_0,../data/001_Fire_Only/img/7942825b-a568-4eb6-8289-871abb6c2cb6_0.npy,../data/001_Fire_Only/ann/7942825b-a568-4eb6-8289-871abb6c2cb6_0.npy,False,1,0
7942825b-a568-4eb6-8289-871abb6c2cb6_1,../data/001_Fire_Only/img/7942825b-a568-4eb6-8289-871abb6c2cb6_1.npy,../data/001_Fire_Only/ann/7942825b-a568-4eb6-8289-871abb6c2cb6_1.npy,False,1,3
79d08b9d-25b8-4ec5-988a-b7ece1f5c489_0,../data/001_Fire_Only/img/79d08b9d-25b8-4ec5-988a-b7ece1f5c489_0.npy,../data/001_Fire_Only/ann/79d08b9d-25b8-4ec5-988a-b7ece1f5c489_0.npy,False,2,0
79d08b9d-25b8-4ec5-988a-b7ece1f5c489_1,../data/001_Fire_Only/img/79d08b9d-25b8-4ec5-988a-b7ece1f5c489_1.npy,../data/001_Fire_Only/ann/79d08b9d-25b8-4ec5-988a-b7ece1f5c489_1.npy,False,2,3
7b78a4d7-0659-49b8-9f7d-266fb70f6973_0,../data/001_Fire_Only/img/7b78a4d7-0659-49b8-9f7d-266fb70f6973_0.npy,../data/001_Fire_Only/ann/7b78a4d7-0659-49b8-9f7d-266fb70f6973_0.npy,False,1,1
7b78a4d7-0659-49b8-9f7d-266fb70f6973_1,../data/001_Fire_Only/img/7b78a4d7-0659-49b8-9f7d-266fb70f6973_1.npy,../data/001_Fire_Only/ann/7b78a4d7-0659-49b8-9f7d-266fb70f6973_1.npy,False,1,0
7b78a4d7-0659-49b8-9f7d-266fb70f6973_2,../data/001_Fire_Only/img/7b78a4d7-0659-49b8-9f7d-266fb70f6973_2.npy,../data/001_Fire_Only/ann/7b78a4d7-0659-49b8-9f7d-266fb70f6973_2.npy,False,1,2
7b78a4d7-0659-49b8-9f7d-266fb70f6973_3,../data/001_Fire_Only/img/7b78a4d7-0659-49b8-9f7d-266fb70f6973_3.npy,../data/001_Fire_Only/ann/7b78a4d7-0659-49b8-9f7d-266fb70f6973_3.npy,False,1,2
7ba98c74-ce6b-4326-a88c-45d0fc38352d_0,,,True,3,0
7db22730-f011-40d9-a05b-657ea7fc960c_0,../data/001_Fire_Only/img/7db22730-f011-40d9-a05b-657ea7fc960c_0.npy,../data/001_Fire_Only/ann/7db22730-f011-40d9-a05b-657ea7fc960c_0.npy,False,0,1
7db22730-f011-40d9-a05b-657ea7fc960c_1,../data/001_Fire_Only/img/7db22730-f011-40d9-a05b-657ea7fc960c_1.npy,../data/001_Fire_Only/ann/7db22730-f011-40d9-a05b-657ea7fc960c_1.npy,False,0,0
7df7928f-4807-4a89-8f98-826be7b7dc4d_0,../data/001_Fire_Only/img/7df7928f-4807-4a89-8f98-826be7b7dc4d_0.npy,../data/001_Fire_Only/ann/7df7928f-4807-4a89-8f98-826be7b7dc4d_0.npy,False,3,2
7e3f1cfb-5a62-42eb-ac7a-08f303c67eba_0,../data/001_Fire_Only/img/7e3f1cfb-5a62-42eb-ac7a-08f303c67eba_0.npy,../data/001_Fire_Only/ann/7e3f1cfb-5a62-42eb-ac7a-08f303c67eba_0.npy,False,3,3
7eb77101-a414-4db0-bc77-80cc8a29d8d7_0,../data/001_Fire_Only/img/7eb77101-a414-4db0-bc77-80cc8a29d8d7_0.npy,../data/001_Fire_Only/ann/7eb77101-a414-4db0-bc77-80cc8a29d8d7_0.npy,False,4,0
7f6f4a41-ee6a-4ab1-bc61-34c3e8ff52f1_0,,,True,0,0
7f6f4a41-ee6a-4ab1-bc61-34c3e8ff52f1_1,,,True,0,3
7f6f4a41-ee6a-4ab1-bc61-34c3e8ff52f1_10,,,True,0,1
7f6f4a41-ee6a-4ab1-bc61-34c3e8ff52f1_11,,,True,0,1
7f6f4a41-ee6a-4ab1-bc61-34c3e8ff52f1_12,,,True,0,0
7f6f4a41-ee6a-4ab1-bc61-34c3e8ff52f1_13,,,True,0,0
7f6f4a41-ee6a-4ab1-bc61-34c3e8ff52f1_14,,,True,0,3
7f6f4a41-ee6a-4ab1-bc61-34c3e8ff52f1_2,,,True,0,3
7f6f4a41-ee6a-4ab1-bc61-34c3e8ff52f1_3,,,True,0,1
7f6f4a41-ee6a-4ab1-bc61-34c3e8ff52f1_4,,,True,0,1
7f6f4a41-ee6a-4ab1-bc61-34c3e8ff52f1_5,,,True,0,1
7f6f4a41-ee6a-4ab1-bc61-34c3e8ff52f1_6,,,True,0,3
7f6f4a41-ee6a-4ab1-bc61-34c3e8ff52f1_7,,,True,0,2
7f6f4a41-ee6a-4ab1-bc61-34c3e8ff52f1_8,,,True,0,1
7f6f4a41-ee6a-4ab1-bc61-34c3e8ff52f1_9,,,True,0,3
80b58db0-8c79-4ead-ac36-501fb213178c_0,,,True,3,3
81c7d253-89c7-4a3e-be65-4eecdc7b76d3_0,,,True,1,1
81dd1594-2149-4678-b78e-af085bd3aee9_0,,,True,2,2
81ef5d8e-e82f-42dc-8f98-b6d83b53793b_0,,,True,4,1
83412491-7fc5-4b5a-b23d-157623d9fda1_0,../data/001_Fire_Only/img/83412491-7fc5-4b5a-b23d-157623d9fda1_0.npy,../data/001_Fire_Only/ann/83412491-7fc5-4b5a-b23d-157623d9fda1_0.npy,False,0,0
83412491-7fc5-4b5a-b23d-157623d9fda1_1,../data/001_Fire_Only/img/83412491-7fc5-4b5a-b23d-157623d9fda1_1.npy,../data/001_Fire_Only/ann/83412491-7fc5-4b5a-b23d-157623d9fda1_1.npy,False,0,1
83412491-7fc5-4b5a-b23d-157623d9fda1_2,../data/001_Fire_Only/img/83412491-7fc5-4b5a-b23d-157623d9fda1_2.npy,../data/001_Fire_Only/ann/83412491-7fc5-4b5a-b23d-157623d9fda1_2.npy,False,0,3
83b6ccdb-abe8-49af-815e-c8c2fa89a505_0,../data/001_Fire_Only/img/83b6ccdb-abe8-49af-815e-c8c2fa89a505_0.npy,../data/001_Fire_Only/ann/83b6ccdb-abe8-49af-815e-c8c2fa89a505_0.npy,False,0,3
83b6ccdb-abe8-49af-815e-c8c2fa89a505_1,../data/001_Fire_Only/img/83b6ccdb-abe8-49af-815e-c8c2fa89a505_1.npy,../data/001_Fire_Only/ann/83b6ccdb-abe8-49af-815e-c8c2fa89a505_1.npy,False,0,3
841d7461-12b8-4d95-9fbb-592c33a6251c_0,,,True,3,0
841d7461-12b8-4d95-9fbb-592c33a6251c_1,,,True,3,1
844798f3-10b6-465d-afee-72a414907c8a_0,,,True,1,3
844798f3-10b6-465d-afee-72a414907c8a_1,,,True,1,3
84996344-d502-4f4f-80a5-c92f61ebc693_0,,,True,4,1
86ed479d-4568-4b8c-bf0e-e55c27ace87e_0,,,True,4,1
876e6662-ceaf-4638-9dd8-332f0aa15fbf_0,../data/001_Fire_Only/img/876e6662-ceaf-4638-9dd8-332f0aa15fbf_0.npy,../data/001_Fire_Only/ann/876e6662-ceaf-4638-9dd8-332f0aa15fbf_0.npy,False,3,3
876e6662-ceaf-4638-9dd8-332f0aa15fbf_1,../data/001_Fire_Only/img/876e6662-ceaf-4638-9dd8-332f0aa15fbf_1.npy,../data/001_Fire_Only/ann/876e6662-ceaf-4638-9dd8-332f0aa15fbf_1.npy,False,3,0
89b9399a-2e42-4b2f-9db2-9f6fd0005d15_0,../data/001_Fire_Only/img/89b9399a-2e42-4b2f-9db2-9f6fd0005d15_0.npy,../data/001_Fire_Only/ann/89b9399a-2e42-4b2f-9db2-9f6fd0005d15_0.npy,False,1,2
89b9399a-2e42-4b2f-9db2-9f6fd0005d15_1,../data/001_Fire_Only/img/89b9399a-2e42-4b2f-9db2-9f6fd0005d15_1.npy,../data/001_Fire_Only/ann/89b9399a-2e42-4b2f-9db2-9f6fd0005d15_1.npy,False,1,2
89f535ba-7d86-4dbe-b14a-c95d3b592ab8_0,../data/001_Fire_Only/img/89f535ba-7d86-4dbe-b14a-c95d3b592ab8_0.npy,../data/001_Fire_Only/ann/89f535ba-7d86-4dbe-b14a-c95d3b592ab8_0.npy,False,1,0
8b5e9e2d-d6f8-4e31-a6a5-e789c60c674a_0,,,True,0,3
8c15c88e-f581-4c8c-8652-ce1dc69e69c8_0,../data/001_Fire_Only/img/8c15c88e-f581-4c8c-8652-ce1dc69e69c8_0.npy,../data/001_Fire_Only/ann/8c15c88e-f581-4c8c-8652-ce1dc69e69c8_0.npy,False,4,2
8e3299d3-7fe7-4972-b4ab-cd297b8b0ec2_0,../data/001_Fire_Only/img/8e3299d3-7fe7-4972-b4ab-cd297b8b0ec2_0.npy,../data/001_Fire_Only/ann/8e3299d3-7fe7-4972-b4ab-cd297b8b0ec2_0.npy,False,4,2
8fef12fe-18d1-459d-ac2d-4d75bf3c8c18_0,../data/001_Fire_Only/img/8fef12fe-18d1-459d-ac2d-4d75bf3c8c18_0.npy,../data/001_Fire_Only/ann/8fef12fe-18d1-459d-ac2d-4d75bf3c8c18_0.npy,False,1,3
8fef12fe-18d1-459d-ac2d-4d75bf3c8c18_1,../data/001_Fire_Only/img/8fef12fe-18d1-459d-ac2d-4d75bf3c8c18_1.npy,../data/001_Fire_Only/ann/8fef12fe-18d1-459d-ac2d-4d75bf3c8c18_1.npy,False,1,3
9027eafb-2fd7-4745-a67d-f8fc02093e99_0,,,True,1,0
908dfe10-9019-4efd-83ec-110fa796ba09_0,,,True,0,3
91e31445-b402-4ce5-a6ad-28cabf284d97_0,,,True,1,2
923dbb1b-5de6-4732-9fa6-56ce4f3aae41_0,../data/001_Fire_Only/img/923dbb1b-5de6-4732-9fa6-56ce4f3aae41_0.npy,../data/001_Fire_Only/ann/923dbb1b-5de6-4732-9fa6-56ce4f3aae41_0.npy,False,4,3
924818c8-1da7-46aa-b4c7-b61bb42d4211_0,../data/001_Fire_Only/img/924818c8-1da7-46aa-b4c7-b61bb42d4211_0.npy,../data/001_Fire_Only/ann/924818c8-1da7-46aa-b4c7-b61bb42d4211_0.npy,False,2,3
9267fd95-6d51-4ef8-95b0-4a330968a7d7_0,../data/001_Fire_Only/img/9267fd95-6d51-4ef8-95b0-4a330968a7d7_0.npy,../data/001_Fire_Only/ann/9267fd95-6d51-4ef8-95b0-4a330968a7d7_0.npy,False,2,2
9375465a-817d-4bb9-9c65-d2c18072212a_0,../data/001_Fire_Only/img/9375465a-817d-4bb9-9c65-d2c18072212a_0.npy,../data/001_Fire_Only/ann/9375465a-817d-4bb9-9c65-d2c18072212a_0.npy,False,3,1
9399bc4d-dd61-44f8-aae1-754b00a6247b_0,../data/001_Fire_Only/img/9399bc4d-dd61-44f8-aae1-754b00a6247b_0.npy,../data/001_Fire_Only/ann/9399bc4d-dd61-44f8-aae1-754b00a6247b_0.npy,False,4,3
95424168-7581-477d-a1dc-c1fb6f863921_0,../data/001_Fire_Only/img/95424168-7581-477d-a1dc-c1fb6f863921_0.npy,../data/001_Fire_Only/ann/95424168-7581-477d-a1dc-c1fb6f863921_0.npy,False,4,1
95bf19a0-1fe3-4070-96b5-9763ec046155_0,../data/001_Fire_Only/img/95bf19a0-1fe3-4070-96b5-9763ec046155_0.npy,../data/001_Fire_Only/ann/95bf19a0-1fe3-4070-96b5-9763ec046155_0.npy,False,3,2
964b5e0b-8cc8-4f63-ae51-0e2ae2a94bab_0,../data/001_Fire_Only/img/964b5e0b-8cc8-4f63-ae51-0e2ae2a94bab_0.npy,../data/001_Fire_Only/ann/964b5e0b-8cc8-4f63-ae51-0e2ae2a94bab_0.npy,False,2,1
964b5e0b-8cc8-4f63-ae51-0e2ae2a94bab_1,../data/001_Fire_Only/img/964b5e0b-8cc8-4f63-ae51-0e2ae2a94bab_1.npy,../data/001_Fire_Only/ann/964b5e0b-8cc8-4f63-ae51-0e2ae2a94bab_1.npy,False,2,3
96e09f95-a771-4409-a2ae-49df8eaeed6a_0,../data/001_Fire_Only/img/96e09f95-a771-4409-a2ae-49df8eaeed6a_0.npy,../data/001_Fire_Only/ann/96e09f95-a771-4409-a2ae-49df8eaeed6a_0.npy,False,2,2
96e09f95-a771-4409-a2ae-49df8eaeed6a_1,../data/001_Fire_Only/img/96e09f95-a771-4409-a2ae-49df8eaeed6a_1.npy,../data/001_Fire_Only/ann/96e09f95-a771-4409-a2ae-49df8eaeed6a_1.npy,False,2,1
96e09f95-a771-4409-a2ae-49df8eaeed6a_2,../data/001_Fire_Only/img/96e09f95-a771-4409-a2ae-49df8eaeed6a_2.npy,../data/001_Fire_Only/ann/96e09f95-a771-4409-a2ae-49df8eaeed6a_2.npy,False,2,1
96e09f95-a771-4409-a2ae-49df8eaeed6a_3,../data/001_Fire_Only/img/96e09f95-a771-4409-a2ae-49df8eaeed6a_3.npy,../data/001_Fire_Only/ann/96e09f95-a771-4409-a2ae-49df8eaeed6a_3.npy,False,2,3
96e09f95-a771-4409-a2ae-49df8eaeed6a_4,../data/001_Fire_Only/img/96e09f95-a771-4409-a2ae-49df8eaeed6a_4.npy,../data/001_Fire_Only/ann/96e09f95-a771-4409-a2ae-49df8eaeed6a_4.npy,False,2,2
96e09f95-a771-4409-a2ae-49df8eaeed6a_5,../data/001_Fire_Only/img/96e09f95-a771-4409-a2ae-49df8eaeed6a_5.npy,../data/001_Fire_Only/ann/96e09f95-a771-4409-a2ae-49df8eaeed6a_5.npy,False,2,0
96e09f95-a771-4409-a2ae-49df8eaeed6a_6,../data/001_Fire_Only/img/96e09f95-a771-4409-a2ae-49df8eaeed6a_6.npy,../data/001_Fire_Only/ann/96e09f95-a771-4409-a2ae-49df8eaeed6a_6.npy,False,2,1
96f736f1-a287-44e1-be8d-d1be4570f65d_0,../data/001_Fire_Only/img/96f736f1-a287-44e1-be8d-d1be4570f65d_0.npy,../data/001_Fire_Only/ann/96f736f1-a287-44e1-be8d-d1be4570f65d_0.npy,False,3,1
97b52bfa-2414-4669-85b7-90f1b65b9d8f_0,,,True,4,3
97dee1ef-0d04-45d1-86f6-ffb3b2e59976_0,,,True,1,1
9828a943-5108-41c4-af13-86736ad6fd48_0,,,True,2,3
996910ac-c9c3-4a9d-b6b7-fbe20d4a9535_0,../data/001_Fire_Only/img/996910ac-c9c3-4a9d-b6b7-fbe20d4a9535_0.npy,../data/001_Fire_Only/ann/996910ac-c9c3-4a9d-b6b7-fbe20d4a9535_0.npy,False,2,0
996910ac-c9c3-4a9d-b6b7-fbe20d4a9535_1,../data/001_Fire_Only/img/996910ac-c9c3-4a9d-b6b7-fbe20d4a9535_1.npy,../data/001_Fire_Only/ann/996910ac-c9c3-4a9d-b6b7-fbe20d4a9535_1.npy,False,2,0
996910ac-c9c3-4a9d-b6b7-fbe20d4a9535_2,../data/001_Fire_Only/img/996910ac-c9c3-4a9d-b6b7-fbe20d4a9535_2.npy,../data/001_Fire_Only/ann/996910ac-c9c3-4a9d-b6b7-fbe20d4a9535_2.npy,False,2,3
996910ac-c9c3-4a9d-b6b7-fbe20d4a9535_3,../data/001_Fire_Only/img/996910ac-c9c3-4a9d-b6b7-fbe20d4a9535_3.npy,../data/001_Fire_Only/ann/996910ac-c9c3-4a9d-b6b7-fbe20d4a9535_3.npy,False,2,3
997288db-18ae-44ec-9dae-99e14b417dc2_0,../data/001_Fire_Only/img/997288db-18ae-44ec-9dae-99e14b417dc2_0.npy,../data/001_Fire_Only/ann/997288db-18ae-44ec-9dae-99e14b417dc2_0.npy,False,2,3
9c1a478d-c0db-4d0c-a044-a46103995b30_0,../data/001_Fire_Only/img/9c1a478d-c0db-4d0c-a044-a46103995b30_0.npy,../data/001_Fire_Only/ann/9c1a478d-c0db-4d0c-a044-a46103995b30_0.npy,False,4,0
9ceda2aa-d897-4743-853f-84770baec0e3_0,,,True,2,0
9dc544b1-46b0-45de-a01c-58d478f2298e_0,../data/001_Fire_Only/img/9dc544b1-46b0-45de-a01c-58d478f2298e_0.npy,../data/001_Fire_Only/ann/9dc544b1-46b0-45de-a01c-58d478f2298e_0.npy,False,1,3
9e7db0ca-d7df-4cf7-8308-2d87bd45d540_0,../data/001_Fire_Only/img/9e7db0ca-d7df-4cf7-8308-2d87bd45d540_0.npy,../data/001_Fire_Only/ann/9e7db0ca-d7df-4cf7-8308-2d87bd45d540_0.npy,False,0,0
9e7db0ca-d7df-4cf7-8308-2d87bd45d540_1,../data/001_Fire_Only/img/9e7db0ca-d7df-4cf7-8308-2d87bd45d540_1.npy,../data/001_Fire_Only/ann/9e7db0ca-d7df-4cf7-8308-2d87bd45d540_1.npy,False,0,2
9e7db0ca-d7df-4cf7-8308-2d87bd45d540_2,../data/001_Fire_Only/img/9e7db0ca-d7df-4cf7-8308-2d87bd45d540_2.npy,../data/001_Fire_Only/ann/9e7db0ca-d7df-4cf7-8308-2d87bd45d540_2.npy,False,0,1
9e7db0ca-d7df-4cf7-8308-2d87bd45d540_3,../data/001_Fire_Only/img/9e7db0ca-d7df-4cf7-8308-2d87bd45d540_3.npy,../data/001_Fire_Only/ann/9e7db0ca-d7df-4cf7-8308-2d87bd45d540_3.npy,False,0,3
9f8df614-9e3f-4cef-8eee-b082f5cbf8e8_0,../data/001_Fire_Only/img/9f8df614-9e3f-4cef-8eee-b082f5cbf8e8_0.npy,../data/001_Fire_Only/ann/9f8df614-9e3f-4cef-8eee-b082f5cbf8e8_0.npy,False,4,3
9fa276ce-31d1-4bae-84e8-e811cfebc44b_0,../data/001_Fire_Only/img/9fa276ce-31d1-4bae-84e8-e811cfebc44b_0.npy,../data/001_Fire_Only/ann/9fa276ce-31d1-4bae-84e8-e811cfebc44b_0.npy,False,1,1
9fc8c1f4-1858-47c3-953e-1dc8b179a45c_0,../data/001_Fire_Only/img/9fc8c1f4-1858-47c3-953e-1dc8b179a45c_0.npy,../data/001_Fire_Only/ann/9fc8c1f4-1858-47c3-953e-1dc8b179a45c_0.npy,False,2,3
9fc8c1f4-1858-47c3-953e-1dc8b179a45c_1,../data/001_Fire_Only/img/9fc8c1f4-1858-47c3-953e-1dc8b179a45c_1.npy,../data/001_Fire_Only/ann/9fc8c1f4-1858-47c3-953e-1dc8b179a45c_1.npy,False,2,2
a013092c-798a-40cd-adba-58a3c4681f45_0,,,True,1,1
a013092c-798a-40cd-adba-58a3c4681f45_1,,,True,1,1
a013092c-798a-40cd-adba-58a3c4681f45_10,,,True,1,2
a013092c-798a-40cd-adba-58a3c4681f45_11,,,True,1,2
a013092c-798a-40cd-adba-58a3c4681f45_12,,,True,1,1
a013092c-798a-40cd-adba-58a3c4681f45_13,,,True,1,3
a013092c-798a-40cd-adba-58a3c4681f45_2,,,True,1,2
a013092c-798a-40cd-adba-58a3c4681f45_3,,,True,1,1
a013092c-798a-40cd-adba-58a3c4681f45_4,,,True,1,0
a013092c-798a-40cd-adba-58a3c4681f45_5,,,True,1,1
a013092c-798a-40cd-adba-58a3c4681f45_6,,,True,1,1
a013092c-798a-40cd-adba-58a3c4681f45_7,,,True,1,3
a013092c-798a-40cd-adba-58a3c4681f45_8,,,True,1,2
a013092c-798a-40cd-adba-58a3c4681f45_9,,,True,1,3
a03f0787-51bb-415a-92d5-e1f2b3463388_0,../data/001_Fire_Only/img/a03f0787-51bb-415a-92d5-e1f2b3463388_0.npy,../data/001_Fire_Only/ann/a03f0787-51bb-415a-92d5-e1f2b3463388_0.npy,False,3,1
a03f0787-51bb-415a-92d5-e1f2b3463388_1,../data/001_Fire_Only/img/a03f0787-51bb-415a-92d5-e1f2b3463388_1.npy,../data/001_Fire_Only/ann/a03f0787-51bb-415a-92d5-e1f2b3463388_1.npy,False,3,2
a03f0787-51bb-415a-92d5-e1f2b3463388_2,../data/001_Fire_Only/img/a03f0787-51bb-415a-92d5-e1f2b3463388_2.npy,../data/001_Fire_Only/ann/a03f0787-51bb-415a-92d5-e1f2b3463388_2.npy,False,3,2
a03f0787-51bb-415a-92d5-e1f2b3463388_3,../data/001_Fire_Only/img/a03f0787-51bb-415a-92d5-e1f2b3463388_3.npy,../data/001_Fire_Only/ann/a03f0787-51bb-415a-92d5-e1f2b3463388_3.npy,False,3,1
a1cdbbab-82c6-42ab-94ae-441ab5e3ffa6_0,../data/001_Fire_Only/img/a1cdbbab-82c6-42ab-94ae-441ab5e3ffa6_0.npy,../data/001_Fire_Only/ann/a1cdbbab-82c6-42ab-94ae-441ab5e3ffa6_0.npy,False,2,0
a1cdbbab-82c6-42ab-94ae-441ab5e3ffa6_1,../data/001_Fire_Only/img/a1cdbbab-82c6-42ab-94ae-441ab5e3ffa6_1.npy,../data/001_Fire_Only/ann/a1cdbbab-82c6-42ab-94ae-441ab5e3ffa6_1.npy,False,2,0
a1cdbbab-82c6-42ab-94ae-441ab5e3ffa6_2,../data/001_Fire_Only/img/a1cdbbab-82c6-42ab-94ae-441ab5e3ffa6_2.npy,../data/001_Fire_Only/ann/a1cdbbab-82c6-42ab-94ae-441ab5e3ffa6_2.npy,False,2,1
a1cdbbab-82c6-42ab-94ae-441ab5e3ffa6_3,../data/001_Fire_Only/img/a1cdbbab-82c6-42ab-94ae-441ab5e3ffa6_3.npy,../data/001_Fire_Only/ann/a1cdbbab-82c6-42ab-94ae-441ab5e3ffa6_3.npy,False,2,3
a1dea6e0-a8b6-4e4c-bc13-93fe2e21f5f3_0,,,True,3,0
a1dea6e0-a8b6-4e4c-bc13-93fe2e21f5f3_1,,,True,3,1
a1eeff1b-d621-4534-8e1b-d018a648da00_0,../data/001_Fire_Only/img/a1eeff1b-d621-4534-8e1b-d018a648da00_0.npy,../data/001_Fire_Only/ann/a1eeff1b-d621-4534-8e1b-d018a648da00_0.npy,False,2,2
a1eeff1b-d621-4534-8e1b-d018a648da00_1,../data/001_Fire_Only/img/a1eeff1b-d621-4534-8e1b-d018a648da00_1.npy,../data/001_Fire_Only/ann/a1eeff1b-d621-4534-8e1b-d018a648da00_1.npy,False,2,1
a253b245-bb18-4657-8797-6809b754bf52_0,../data/001_Fire_Only/img/a253b245-bb18-4657-8797-6809b754bf52_0.npy,../data/001_Fire_Only/ann/a253b245-bb18-4657-8797-6809b754bf52_0.npy,False,1,3
a26af074-539b-4430-b3d9-7bbef5af7abd_0,,,True,0,0
a292ccf2-43c1-45a2-b92b-8602fa22d4ca_0,,,True,2,3
a292ccf2-43c1-45a2-b92b-8602fa22d4ca_1,,,True,2,0
a292ccf2-43c1-45a2-b92b-8602fa22d4ca_2,,,True,2,2
a292ccf2-43c1-45a2-b92b-8602fa22d4ca_3,,,True,2,0
a292ccf2-43c1-45a2-b92b-8602fa22d4ca_4,,,True,2,2
a292ccf2-43c1-45a2-b92b-8602fa22d4ca_5,,,True,2,0
a292ccf2-43c1-45a2-b92b-8602fa22d4ca_6,,,True,2,0
a292ccf2-43c1-45a2-b92b-8602fa22d4ca_7,,,True,2,1
a292ccf2-43c1-45a2-b92b-8602fa22d4ca_8,,,True,2,1
a3e72d63-ec0c-4c85-a611-74a2567d551f_0,,,True,4,0
a4844e30-dafc-4606-bfce-5c66dbd0fe4d_0,../data/001_Fire_Only/img/a4844e30-dafc-4606-bfce-5c66dbd0fe4d_0.npy,../data/001_Fire_Only/ann/a4844e30-dafc-4606-bfce-5c66dbd0fe4d_0.npy,False,2,2
a5edb910-fe86-4343-a3c3-822c92fd2fba_0,../data/001_Fire_Only/img/a5edb910-fe86-4343-a3c3-822c92fd2fba_0.npy,../data/001_Fire_Only/ann/a5edb910-fe86-4343-a3c3-822c92fd2fba_0.npy,False,1,2
a644541a-0d52-4bc8-9c30-5a6b4270dbfa_0,../data/001_Fire_Only/img/a644541a-0d52-4bc8-9c30-5a6b4270dbfa_0.npy,../data/001_Fire_Only/ann/a644541a-0d52-4bc8-9c30-5a6b4270dbfa_0.npy,False,1,1
a644541a-0d52-4bc8-9c30-5a6b4270dbfa_1,../data/001_Fire_Only/img/a644541a-0d52-4bc8-9c30-5a6b4270dbfa_1.npy,../data/001_Fire_Only/ann/a644541a-0d52-4bc8-9c30-5a6b4270dbfa_1.npy,False,1,0
a64fd9cd-9479-4bc5-97af-2fabb711e767_0,../data/001_Fire_Only/img/a64fd9cd-9479-4bc5-97af-2fabb711e767_0.npy,../data/001_Fire_Only/ann/a64fd9cd-9479-4bc5-97af-2fabb711e767_0.npy,False,1,0
a64fd9cd-9479-4bc5-97af-2fabb711e767_1,../data/001_Fire_Only/img/a64fd9cd-9479-4bc5-97af-2fabb711e767_1.npy,../data/001_Fire_Only/ann/a64fd9cd-9479-4bc5-97af-2fabb711e767_1.npy,False,1,3
a6f44bc1-d5ed-4dfb-9717-44659c7ab01f_0,../data/001_Fire_Only/img/a6f44bc1-d5ed-4dfb-9717-44659c7ab01f_0.npy,../data/001_Fire_Only/ann/a6f44bc1-d5ed-4dfb-9717-44659c7ab01f_0.npy,False,4,2
a6f44bc1-d5ed-4dfb-9717-44659c7ab01f_1,../data/001_Fire_Only/img/a6f44bc1-d5ed-4dfb-9717-44659c7ab01f_1.npy,../data/001_Fire_Only/ann/a6f44bc1-d5ed-4dfb-9717-44659c7ab01f_1.npy,False,4,2
a6f44bc1-d5ed-4dfb-9717-44659c7ab01f_2,../data/001_Fire_Only/img/a6f44bc1-d5ed-4dfb-9717-44659c7ab01f_2.npy,../data/001_Fire_Only/ann/a6f44bc1-d5ed-4dfb-9717-44659c7ab01f_2.npy,False,4,3
a6f44bc1-d5ed-4dfb-9717-44659c7ab01f_3,../data/001_Fire_Only/img/a6f44bc1-d5ed-4dfb-9717-44659c7ab01f_3.npy,../data/001_Fire_Only/ann/a6f44bc1-d5ed-4dfb-9717-44659c7ab01f_3.npy,False,4,0
a6f44bc1-d5ed-4dfb-9717-44659c7ab01f_4,../data/001_Fire_Only/img/a6f44bc1-d5ed-4dfb-9717-44659c7ab01f_4.npy,../data/001_Fire_Only/ann/a6f44bc1-d5ed-4dfb-9717-44659c7ab01f_4.npy,False,4,3
a6f44bc1-d5ed-4dfb-9717-44659c7ab01f_5,../data/001_Fire_Only/img/a6f44bc1-d5ed-4dfb-9717-44659c7ab01f_5.npy,../data/001_Fire_Only/ann/a6f44bc1-d5ed-4dfb-9717-44659c7ab01f_5.npy,False,4,1
a6f44bc1-d5ed-4dfb-9717-44659c7ab01f_6,../data/001_Fire_Only/img/a6f44bc1-d5ed-4dfb-9717-44659c7ab01f_6.npy,../data/001_Fire_Only/ann/a6f44bc1-d5ed-4dfb-9717-44659c7ab01f_6.npy,False,4,2
a6f44bc1-d5ed-4dfb-9717-44659c7ab01f_7,../data/001_Fire_Only/img/a6f44bc1-d5ed-4dfb-9717-44659c7ab01f_7.npy,../data/001_Fire_Only/ann/a6f44bc1-d5ed-4dfb-9717-44659c7ab01f_7.npy,False,4,0
a6f44bc1-d5ed-4dfb-9717-44659c7ab01f_8,../data/001_Fire_Only/img/a6f44bc1-d5ed-4dfb-9717-44659c7ab01f_8.npy,../data/001_Fire_Only/ann/a6f44bc1-d5ed-4dfb-9717-44659c7ab01f_8.npy,False,4,1
a73ba6c0-4160-4e63-80ad-8178fa54db0e_0,../data/001_Fire_Only/img/a73ba6c0-4160-4e63-80ad-8178fa54db0e_0.npy,../data/001_Fire_Only/ann/a73ba6c0-4160-4e63-80ad-8178fa54db0e_0.npy,False,3,3
a73ba6c0-4160-4e63-80ad-8178fa54db0e_1,../data/001_Fire_Only/img/a73ba6c0-4160-4e63-80ad-8178fa54db0e_1.npy,../data/001_Fire_Only/ann/a73ba6c0-4160-4e63-80ad-8178fa54db0e_1.npy,False,3,1
a73ba6c0-4160-4e63-80ad-8178fa54db0e_2,../data/001_Fire_Only/img/a73ba6c0-4160-4e63-80ad-8178fa54db0e_2.npy,../data/001_Fire_Only/ann/a73ba6c0-4160-4e63-80ad-8178fa54db0e_2.npy,False,3,2
a73ba6c0-4160-4e63-80ad-8178fa54db0e_3,../data/001_Fire_Only/img/a73ba6c0-4160-4e63-80ad-8178fa54db0e_3.npy,../data/001_Fire_Only/ann/a73ba6c0-4160-4e63-80ad-8178fa54db0e_3.npy,False,3,0
a93283f1-0893-4951-b813-a8ee3bca94a0_0,../data/001_Fire_Only/img/a93283f1-0893-4951-b813-a8ee3bca94a0_0.npy,../data/001_Fire_Only/ann/a93283f1-0893-4951-b813-a8ee3bca94a0_0.npy,False,3,1
a93283f1-0893-4951-b813-a8ee3bca94a0_1,../data/001_Fire_Only/img/a93283f1-0893-4951-b813-a8ee3bca94a0_1.npy,../data/001_Fire_Only/ann/a93283f1-0893-4951-b813-a8ee3bca94a0_1.npy,False,3,0
aa881952-617c-4ad9-9827-07fad3e159ce_0,../data/001_Fire_Only/img/aa881952-617c-4ad9-9827-07fad3e159ce_0.npy,../data/001_Fire_Only/ann/aa881952-617c-4ad9-9827-07fad3e159ce_0.npy,False,2,2
aaaab677-b01f-4d11-abfc-a0d1359a41a7_0,../data/001_Fire_Only/img/aaaab677-b01f-4d11-abfc-a0d1359a41a7_0.npy,../data/001_Fire_Only/ann/aaaab677-b01f-4d11-abfc-a0d1359a41a7_0.npy,False,0,3
ab6f4126-eb07-4337-a691-68571e042471_0,../data/001_Fire_Only/img/ab6f4126-eb07-4337-a691-68571e042471_0.npy,../data/001_Fire_Only/ann/ab6f4126-eb07-4337-a691-68571e042471_0.npy,False,0,0
abf18d65-4db9-4f88-a6c9-e07bb422b5aa_0,../data/001_Fire_Only/img/abf18d65-4db9-4f88-a6c9-e07bb422b5aa_0.npy,../data/001_Fire_Only/ann/abf18d65-4db9-4f88-a6c9-e07bb422b5aa_0.npy,False,3,2
abf18d65-4db9-4f88-a6c9-e07bb422b5aa_1,../data/001_Fire_Only/img/abf18d65-4db9-4f88-a6c9-e07bb422b5aa_1.npy,../data/001_Fire_Only/ann/abf18d65-4db9-4f88-a6c9-e07bb422b5aa_1.npy,False,3,0
abf18d65-4db9-4f88-a6c9-e07bb422b5aa_2,../data/001_Fire_Only/img/abf18d65-4db9-4f88-a6c9-e07bb422b5aa_2.npy,../data/001_Fire_Only/ann/abf18d65-4db9-4f88-a6c9-e07bb422b5aa_2.npy,False,3,2
abf18d65-4db9-4f88-a6c9-e07bb422b5aa_3,../data/001_Fire_Only/img/abf18d65-4db9-4f88-a6c9-e07bb422b5aa_3.npy,../data/001_Fire_Only/ann/abf18d65-4db9-4f88-a6c9-e07bb422b5aa_3.npy,False,3,3
abf18d65-4db9-4f88-a6c9-e07bb422b5aa_4,../data/001_Fire_Only/img/abf18d65-4db9-4f88-a6c9-e07bb422b5aa_4.npy,../data/001_Fire_Only/ann/abf18d65-4db9-4f88-a6c9-e07bb422b5aa_4.npy,False,3,1
abf18d65-4db9-4f88-a6c9-e07bb422b5aa_5,../data/001_Fire_Only/img/abf18d65-4db9-4f88-a6c9-e07bb422b5aa_5.npy,../data/001_Fire_Only/ann/abf18d65-4db9-4f88-a6c9-e07bb422b5aa_5.npy,False,3,1
adc21d31-1ed9-4466-8d1d-91cf03e1c7c9_0,../data/001_Fire_Only/img/adc21d31-1ed9-4466-8d1d-91cf03e1c7c9_0.npy,../data/001_Fire_Only/ann/adc21d31-1ed9-4466-8d1d-91cf03e1c7c9_0.npy,False,0,0
adc21d31-1ed9-4466-8d1d-91cf03e1c7c9_1,../data/001_Fire_Only/img/adc21d31-1ed9-4466-8d1d-91cf03e1c7c9_1.npy,../data/001_Fire_Only/ann/adc21d31-1ed9-4466-8d1d-91cf03e1c7c9_1.npy,False,0,0
adc21d31-1ed9-4466-8d1d-91cf03e1c7c9_10,../data/001_Fire_Only/img/adc21d31-1ed9-4466-8d1d-91cf03e1c7c9_10.npy,../data/001_Fire_Only/ann/adc21d31-1ed9-4466-8d1d-91cf03e1c7c9_10.npy,False,0,0
adc21d31-1ed9-4466-8d1d-91cf03e1c7c9_2,../data/001_Fire_Only/img/adc21d31-1ed9-4466-8d1d-91cf03e1c7c9_2.npy,../data/001_Fire_Only/ann/adc21d31-1ed9-4466-8d1d-91cf03e1c7c9_2.npy,False,0,2
adc21d31-1ed9-4466-8d1d-91cf03e1c7c9_3,../data/001_Fire_Only/img/adc21d31-1ed9-4466-8d1d-91cf03e1c7c9_3.npy,../data/001_Fire_Only/ann/adc21d31-1ed9-4466-8d1d-91cf03e1c7c9_3.npy,False,0,2
adc21d31-1ed9-4466-8d1d-91cf03e1c7c9_4,../data/001_Fire_Only/img/adc21d31-1ed9-4466-8d1d-91cf03e1c7c9_4.npy,../data/001_Fire_Only/ann/adc21d31-1ed9-4466-8d1d-91cf03e1c7c9_4.npy,False,0,0
adc21d31-1ed9-4466-8d1d-91cf03e1c7c9_5,../data/001_Fire_Only/img/adc21d31-1ed9-4466-8d1d-91cf03e1c7c9_5.npy,../data/001_Fire_Only/ann/adc21d31-1ed9-4466-8d1d-91cf03e1c7c9_5.npy,False,0,2
adc21d31-1ed9-4466-8d1d-91cf03e1c7c9_6,../data/001_Fire_Only/img/adc21d31-1ed9-4466-8d1d-91cf03e1c7c9_6.npy,../data/001_Fire_Only/ann/adc21d31-1ed9-4466-8d1d-91cf03e1c7c9_6.npy,False,0,3
adc21d31-1ed9-4466-8d1d-91cf03e1c7c9_7,../data/001_Fire_Only/img/adc21d31-1ed9-4466-8d1d-91cf03e1c7c9_7.npy,../data/001_Fire_Only/ann/adc21d31-1ed9-4466-8d1d-91cf03e1c7c9_7.npy,False,0,0
adc21d31-1ed9-4466-8d1d-91cf03e1c7c9_8,../data/001_Fire_Only/img/adc21d31-1ed9-4466-8d1d-91cf03e1c7c9_8.npy,../data/001_Fire_Only/ann/adc21d31-1ed9-4466-8d1d-91cf03e1c7c9_8.npy,False,0,0
adc21d31-1ed9-4466-8d1d-91cf03e1c7c9_9,../data/001_Fire_Only/img/adc21d31-1ed9-4466-8d1d-91cf03e1c7c9_9.npy,../data/001_Fire_Only/ann/adc21d31-1ed9-4466-8d1d-91cf03e1c7c9_9.npy,False,0,2
ade34090-bc5b-4cd4-92ee-0fd7fa6295ec_0,../data/001_Fire_Only/img/ade34090-bc5b-4cd4-92ee-0fd7fa6295ec_0.npy,../data/001_Fire_Only/ann/ade34090-bc5b-4cd4-92ee-0fd7fa6295ec_0.npy,False,2,0
adfdb4ee-7c7c-4861-a1c6-aa9e7be37bf0_0,../data/001_Fire_Only/img/adfdb4ee-7c7c-4861-a1c6-aa9e7be37bf0_0.npy,../data/001_Fire_Only/ann/adfdb4ee-7c7c-4861-a1c6-aa9e7be37bf0_0.npy,False,0,3
ae53052b-fd96-4e2c-8de5-25403029ed53_0,../data/001_Fire_Only/img/ae53052b-fd96-4e2c-8de5-25403029ed53_0.npy,../data/001_Fire_Only/ann/ae53052b-fd96-4e2c-8de5-25403029ed53_0.npy,False,2,0
aef52576-ce36-4c3f-8a58-6e36d4415c7c_0,../data/001_Fire_Only/img/aef52576-ce36-4c3f-8a58-6e36d4415c7c_0.npy,../data/001_Fire_Only/ann/aef52576-ce36-4c3f-8a58-6e36d4415c7c_0.npy,False,1,1
b002fae6-a7bb-4b88-911e-873f80dadc05_0,../data/001_Fire_Only/img/b002fae6-a7bb-4b88-911e-873f80dadc05_0.npy,../data/001_Fire_Only/ann/b002fae6-a7bb-4b88-911e-873f80dadc05_0.npy,False,1,2
b0ebb3f0-3892-49e5-a3c2-872ad5cc02da_0,../data/001_Fire_Only/img/b0ebb3f0-3892-49e5-a3c2-872ad5cc02da_0.npy,../data/001_Fire_Only/ann/b0ebb3f0-3892-49e5-a3c2-872ad5cc02da_0.npy,False,4,2
b2dc67c1-4d0c-4ebe-b32c-a77feff92805_0,../data/001_Fire_Only/img/b2dc67c1-4d0c-4ebe-b32c-a77feff92805_0.npy,../data/001_Fire_Only/ann/b2dc67c1-4d0c-4ebe-b32c-a77feff92805_0.npy,False,3,3
b2dc67c1-4d0c-4ebe-b32c-a77feff92805_1,../data/001_Fire_Only/img/b2dc67c1-4d0c-4ebe-b32c-a77feff92805_1.npy,../data/001_Fire_Only/ann/b2dc67c1-4d0c-4ebe-b32c-a77feff92805_1.npy,False,3,1
b2dc67c1-4d0c-4ebe-b32c-a77feff92805_2,../data/001_Fire_Only/img/b2dc67c1-4d0c-4ebe-b32c-a77feff92805_2.npy,../data/001_Fire_Only/ann/b2dc67c1-4d0c-4ebe-b32c-a77feff92805_2.npy,False,3,3
b2dc67c1-4d0c-4ebe-b32c-a77feff92805_3,../data/001_Fire_Only/img/b2dc67c1-4d0c-4ebe-b32c-a77feff92805_3.npy,../data/001_Fire_Only/ann/b2dc67c1-4d0c-4ebe-b32c-a77feff92805_3.npy,False,3,2
b31a47d8-3b67-4b69-9582-a88a1a127bef_0,,,True,2,1
b48dcf9a-4c45-4136-ab00-65929918eb3b_0,,,True,2,1
b6edac1a-a028-4d54-b9ef-7dd68ea916fb_0,../data/001_Fire_Only/img/b6edac1a-a028-4d54-b9ef-7dd68ea916fb_0.npy,../data/001_Fire_Only/ann/b6edac1a-a028-4d54-b9ef-7dd68ea916fb_0.npy,False,0,1
b6edac1a-a028-4d54-b9ef-7dd68ea916fb_1,../data/001_Fire_Only/img/b6edac1a-a028-4d54-b9ef-7dd68ea916fb_1.npy,../data/001_Fire_Only/ann/b6edac1a-a028-4d54-b9ef-7dd68ea916fb_1.npy,False,0,3
b7a1155a-7177-477c-84dd-43278fb86a7e_0,../data/001_Fire_Only/img/b7a1155a-7177-477c-84dd-43278fb86a7e_0.npy,../data/001_Fire_Only/ann/b7a1155a-7177-477c-84dd-43278fb86a7e_0.npy,False,3,1
b930f5ff-c32f-466f-9dc0-1ccddb94531b_0,../data/001_Fire_Only/img/b930f5ff-c32f-466f-9dc0-1ccddb94531b_0.npy,../data/001_Fire_Only/ann/b930f5ff-c32f-466f-9dc0-1ccddb94531b_0.npy,False,1,3
b9de0c2c-3e96-44bd-9431-7c92109403af_0,../data/001_Fire_Only/img/b9de0c2c-3e96-44bd-9431-7c92109403af_0.npy,../data/001_Fire_Only/ann/b9de0c2c-3e96-44bd-9431-7c92109403af_0.npy,False,2,1
bba94ce9-14c2-4538-a499-62ba9a7c848d_0,../data/001_Fire_Only/img/bba94ce9-14c2-4538-a499-62ba9a7c848d_0.npy,../data/001_Fire_Only/ann/bba94ce9-14c2-4538-a499-62ba9a7c848d_0.npy,False,4,0
bc524365-fd73-4fa0-b3a6-01b7a8cbd6c8_0,,,True,2,2
bd0a5529-c299-4dcc-9901-4a0641b9007c_0,../data/001_Fire_Only/img/bd0a5529-c299-4dcc-9901-4a0641b9007c_0.npy,../data/001_Fire_Only/ann/bd0a5529-c299-4dcc-9901-4a0641b9007c_0.npy,False,3,3
bd0a5529-c299-4dcc-9901-4a0641b9007c_1,../data/001_Fire_Only/img/bd0a5529-c299-4dcc-9901-4a0641b9007c_1.npy,../data/001_Fire_Only/ann/bd0a5529-c299-4dcc-9901-4a0641b9007c_1.npy,False,3,1
bd0a5529-c299-4dcc-9901-4a0641b9007c_2,../data/001_Fire_Only/img/bd0a5529-c299-4dcc-9901-4a0641b9007c_2.npy,../data/001_Fire_Only/ann/bd0a5529-c299-4dcc-9901-4a0641b9007c_2.npy,False,3,2
be0a7b99-eb39-4c67-915b-9b3dd4020c53_0,../data/001_Fire_Only/img/be0a7b99-eb39-4c67-915b-9b3dd4020c53_0.npy,../data/001_Fire_Only/ann/be0a7b99-eb39-4c67-915b-9b3dd4020c53_0.npy,False,0,0
bf6fcbe9-015a-4228-b1f3-35450a4e097c_0,,,True,2,2
bfdb5b07-95e9-480f-bab8-491778cc7430_0,,,True,4,3
c13c5040-6d18-4cde-b531-fca8383584cb_0,../data/001_Fire_Only/img/c13c5040-6d18-4cde-b531-fca8383584cb_0.npy,../data/001_Fire_Only/ann/c13c5040-6d18-4cde-b531-fca8383584cb_0.npy,False,0,0
c1c951ac-f35d-4f5b-8592-135091ac5ddf_0,../data/001_Fire_Only/img/c1c951ac-f35d-4f5b-8592-135091ac5ddf_0.npy,../data/001_Fire_Only/ann/c1c951ac-f35d-4f5b-8592-135091ac5ddf_0.npy,False,0,3
c3012b0f-a8b7-4956-a26a-027efc0f93d7_0,../data/001_Fire_Only/img/c3012b0f-a8b7-4956-a26a-027efc0f93d7_0.npy,../data/001_Fire_Only/ann/c3012b0f-a8b7-4956-a26a-027efc0f93d7_0.npy,False,2,0
c3012b0f-a8b7-4956-a26a-027efc0f93d7_1,../data/001_Fire_Only/img/c3012b0f-a8b7-4956-a26a-027efc0f93d7_1.npy,../data/001_Fire_Only/ann/c3012b0f-a8b7-4956-a26a-027efc0f93d7_1.npy,False,2,1
c3fdd82d-5aca-404b-ac44-0b24f88428df_0,../data/001_Fire_Only/img/c3fdd82d-5aca-404b-ac44-0b24f88428df_0.npy,../data/001_Fire_Only/ann/c3fdd82d-5aca-404b-ac44-0b24f88428df_0.npy,False,2,1
c502f929-fa79-4d15-8eac-4fcb8d0609f3_0,../data/001_Fire_Only/img/c502f929-fa79-4d15-8eac-4fcb8d0609f3_0.npy,../data/001_Fire_Only/ann/c502f929-fa79-4d15-8eac-4fcb8d0609f3_0.npy,False,3,1
c6dab708-8fc8-42f9-8ca7-05dd53e95683_0,,,True,1,3
c7543fd1-821f-428d-a847-9db9ee7f73ee_0,../data/001_Fire_Only/img/c7543fd1-821f-428d-a847-9db9ee7f73ee_0.npy,../data/001_Fire_Only/ann/c7543fd1-821f-428d-a847-9db9ee7f73ee_0.npy,False,3,1
c85ca1f7-36d9-4b4a-8c7c-7b40c1ffeafd_0,,,True,1,1
c85ca1f7-36d9-4b4a-8c7c-7b40c1ffeafd_1,,,True,1,3
c90b185b-3b2f-4e6a-a62b-8b847f0f7628_0,../data/001_Fire_Only/img/c90b185b-3b2f-4e6a-a62b-8b847f0f7628_0.npy,../data/001_Fire_Only/ann/c90b185b-3b2f-4e6a-a62b-8b847f0f7628_0.npy,False,1,1
c90b185b-3b2f-4e6a-a62b-8b847f0f7628_1,../data/001_Fire_Only/img/c90b185b-3b2f-4e6a-a62b-8b847f0f7628_1.npy,../data/001_Fire_Only/ann/c90b185b-3b2f-4e6a-a62b-8b847f0f7628_1.npy,False,1,2
c90b185b-3b2f-4e6a-a62b-8b847f0f7628_2,../data/001_Fire_Only/img/c90b185b-3b2f-4e6a-a62b-8b847f0f7628_2.npy,../data/001_Fire_Only/ann/c90b185b-3b2f-4e6a-a62b-8b847f0f7628_2.npy,False,1,3
c90b185b-3b2f-4e6a-a62b-8b847f0f7628_3,../data/001_Fire_Only/img/c90b185b-3b2f-4e6a-a62b-8b847f0f7628_3.npy,../data/001_Fire_Only/ann/c90b185b-3b2f-4e6a-a62b-8b847f0f7628_3.npy,False,1,0
c90b185b-3b2f-4e6a-a62b-8b847f0f7628_4,../data/001_Fire_Only/img/c90b185b-3b2f-4e6a-a62b-8b847f0f7628_4.npy,../data/001_Fire_Only/ann/c90b185b-3b2f-4e6a-a62b-8b847f0f7628_4.npy,False,1,0
ccef1714-4f86-4154-bcae-0ab2e62f2bda_0,../data/001_Fire_Only/img/ccef1714-4f86-4154-bcae-0ab2e62f2bda_0.npy,../data/001_Fire_Only/ann/ccef1714-4f86-4154-bcae-0ab2e62f2bda_0.npy,False,4,0
cd17ae6b-e714-4a4d-9c02-792f410898ef_0,../data/001_Fire_Only/img/cd17ae6b-e714-4a4d-9c02-792f410898ef_0.npy,../data/001_Fire_Only/ann/cd17ae6b-e714-4a4d-9c02-792f410898ef_0.npy,False,0,1
cdd9e3a0-5030-49a8-ab76-4469381ee966_0,../data/001_Fire_Only/img/cdd9e3a0-5030-49a8-ab76-4469381ee966_0.npy,../data/001_Fire_Only/ann/cdd9e3a0-5030-49a8-ab76-4469381ee966_0.npy,False,3,2
cded55cd-afe9-44af-8011-83b014b7f566_0,../data/001_Fire_Only/img/cded55cd-afe9-44af-8011-83b014b7f566_0.npy,../data/001_Fire_Only/ann/cded55cd-afe9-44af-8011-83b014b7f566_0.npy,False,0,2
cf81a1d2-a2f9-496f-9512-05346857e153_0,,,True,3,1
d03f3037-ac5f-49f2-aba2-aa116d1dda1d_0,../data/001_Fire_Only/img/d03f3037-ac5f-49f2-aba2-aa116d1dda1d_0.npy,../data/001_Fire_Only/ann/d03f3037-ac5f-49f2-aba2-aa116d1dda1d_0.npy,False,0,3
d0615b18-99e0-4bed-aa22-13ab9a3bd037_0,../data/001_Fire_Only/img/d0615b18-99e0-4bed-aa22-13ab9a3bd037_0.npy,../data/001_Fire_Only/ann/d0615b18-99e0-4bed-aa22-13ab9a3bd037_0.npy,False,0,1
d0615b18-99e0-4bed-aa22-13ab9a3bd037_1,../data/001_Fire_Only/img/d0615b18-99e0-4bed-aa22-13ab9a3bd037_1.npy,../data/001_Fire_Only/ann/d0615b18-99e0-4bed-aa22-13ab9a3bd037_1.npy,False,0,0
d0d127a3-a564-4b3f-9b74-fbea18a57c01_0,../data/001_Fire_Only/img/d0d127a3-a564-4b3f-9b74-fbea18a57c01_0.npy,../data/001_Fire_Only/ann/d0d127a3-a564-4b3f-9b74-fbea18a57c01_0.npy,False,0,3
d0ec0053-8ff2-4556-bb57-4ce1c0f1f5a2_0,../data/001_Fire_Only/img/d0ec0053-8ff2-4556-bb57-4ce1c0f1f5a2_0.npy,../data/001_Fire_Only/ann/d0ec0053-8ff2-4556-bb57-4ce1c0f1f5a2_0.npy,False,3,3
d175d816-fe2d-4905-ab0a-06e67230fef8_0,../data/001_Fire_Only/img/d175d816-fe2d-4905-ab0a-06e67230fef8_0.npy,../data/001_Fire_Only/ann/d175d816-fe2d-4905-ab0a-06e67230fef8_0.npy,False,2,0
d1d8e18e-dacb-4274-bbf2-53442785f315_0,../data/001_Fire_Only/img/d1d8e18e-dacb-4274-bbf2-53442785f315_0.npy,../data/001_Fire_Only/ann/d1d8e18e-dacb-4274-bbf2-53442785f315_0.npy,False,4,2
d22e40c3-da6f-4202-bb50-02d303839d87_0,../data/001_Fire_Only/img/d22e40c3-da6f-4202-bb50-02d303839d87_0.npy,../data/001_Fire_Only/ann/d22e40c3-da6f-4202-bb50-02d303839d87_0.npy,False,1,0
d2bb0e91-73f2-4ed7-a175-75e771e4c31f_0,../data/001_Fire_Only/img/d2bb0e91-73f2-4ed7-a175-75e771e4c31f_0.npy,../data/001_Fire_Only/ann/d2bb0e91-73f2-4ed7-a175-75e771e4c31f_0.npy,False,2,2
d38ad371-6c7b-4780-8f9f-e503d784f2ed_0,../data/001_Fire_Only/img/d38ad371-6c7b-4780-8f9f-e503d784f2ed_0.npy,../data/001_Fire_Only/ann/d38ad371-6c7b-4780-8f9f-e503d784f2ed_0.npy,False,0,1
d38ad371-6c7b-4780-8f9f-e503d784f2ed_1,../data/001_Fire_Only/img/d38ad371-6c7b-4780-8f9f-e503d784f2ed_1.npy,../data/001_Fire_Only/ann/d38ad371-6c7b-4780-8f9f-e503d784f2ed_1.npy,False,0,2
d40d9bed-80cc-4932-b5a4-df1718277cf9_0,../data/001_Fire_Only/img/d40d9bed-80cc-4932-b5a4-df1718277cf9_0.npy,../data/001_Fire_Only/ann/d40d9bed-80cc-4932-b5a4-df1718277cf9_0.npy,False,4,1
d44062a0-1862-4e67-928b-3edf748ce42c_0,,,True,1,3
d487d9d1-6469-4618-8685-657df81c9b0f_0,,,True,0,0
d487d9d1-6469-4618-8685-657df81c9b0f_1,,,True,0,1
d63a6226-0fbb-4f3b-aca3-38e3fa50aede_0,,,True,3,3
d63a6226-0fbb-4f3b-aca3-38e3fa50aede_1,,,True,3,1
d84ca680-421e-4f1b-9b82-37dcf0a453b0_0,../data/001_Fire_Only/img/d84ca680-421e-4f1b-9b82-37dcf0a453b0_0.npy,../data/001_Fire_Only/ann/d84ca680-421e-4f1b-9b82-37dcf0a453b0_0.npy,False,2,1
d9efc180-8ab5-4a4b-9cb3-18234dd9a5ca_0,../data/001_Fire_Only/img/d9efc180-8ab5-4a4b-9cb3-18234dd9a5ca_0.npy,../data/001_Fire_Only/ann/d9efc180-8ab5-4a4b-9cb3-18234dd9a5ca_0.npy,False,1,0
daa18714-d0dd-4a6b-8824-ea3819305e7d_0,../data/001_Fire_Only/img/daa18714-d0dd-4a6b-8824-ea3819305e7d_0.npy,../data/001_Fire_Only/ann/daa18714-d0dd-4a6b-8824-ea3819305e7d_0.npy,False,3,2
daa18714-d0dd-4a6b-8824-ea3819305e7d_1,../data/001_Fire_Only/img/daa18714-d0dd-4a6b-8824-ea3819305e7d_1.npy,../data/001_Fire_Only/ann/daa18714-d0dd-4a6b-8824-ea3819305e7d_1.npy,False,3,3
db1923ba-c4ff-498f-b71d-6a0e58c0c223_0,,,True,2,2
dc98c5a9-01ca-4ca5-873e-fd2981d24bbb_0,../data/001_Fire_Only/img/dc98c5a9-01ca-4ca5-873e-fd2981d24bbb_0.npy,../data/001_Fire_Only/ann/dc98c5a9-01ca-4ca5-873e-fd2981d24bbb_0.npy,False,2,0
dc98c5a9-01ca-4ca5-873e-fd2981d24bbb_1,../data/001_Fire_Only/img/dc98c5a9-01ca-4ca5-873e-fd2981d24bbb_1.npy,../data/001_Fire_Only/ann/dc98c5a9-01ca-4ca5-873e-fd2981d24bbb_1.npy,False,2,3
dc98c5a9-01ca-4ca5-873e-fd2981d24bbb_2,../data/001_Fire_Only/img/dc98c5a9-01ca-4ca5-873e-fd2981d24bbb_2.npy,../data/001_Fire_Only/ann/dc98c5a9-01ca-4ca5-873e-fd2981d24bbb_2.npy,False,2,1
dc98c5a9-01ca-4ca5-873e-fd2981d24bbb_3,../data/001_Fire_Only/img/dc98c5a9-01ca-4ca5-873e-fd2981d24bbb_3.npy,../data/001_Fire_Only/ann/dc98c5a9-01ca-4ca5-873e-fd2981d24bbb_3.npy,False,2,2
dd8686af-3b0a-43e7-930c-fadc0ac7049c_0,../data/001_Fire_Only/img/dd8686af-3b0a-43e7-930c-fadc0ac7049c_0.npy,../data/001_Fire_Only/ann/dd8686af-3b0a-43e7-930c-fadc0ac7049c_0.npy,False,1,1
dfe332c3-56d3-481b-be9d-768d73e795e3_0,../data/001_Fire_Only/img/dfe332c3-56d3-481b-be9d-768d73e795e3_0.npy,../data/001_Fire_Only/ann/dfe332c3-56d3-481b-be9d-768d73e795e3_0.npy,False,3,1
dfe332c3-56d3-481b-be9d-768d73e795e3_1,../data/001_Fire_Only/img/dfe332c3-56d3-481b-be9d-768d73e795e3_1.npy,../data/001_Fire_Only/ann/dfe332c3-56d3-481b-be9d-768d73e795e3_1.npy,False,3,2
dfe332c3-56d3-481b-be9d-768d73e795e3_2,../data/001_Fire_Only/img/dfe332c3-56d3-481b-be9d-768d73e795e3_2.npy,../data/001_Fire_Only/ann/dfe332c3-56d3-481b-be9d-768d73e795e3_2.npy,False,3,3
dfe332c3-56d3-481b-be9d-768d73e795e3_3,../data/001_Fire_Only/img/dfe332c3-56d3-481b-be9d-768d73e795e3_3.npy,../data/001_Fire_Only/ann/dfe332c3-56d3-481b-be9d-768d73e795e3_3.npy,False,3,1
dfe332c3-56d3-481b-be9d-768d73e795e3_4,../data/001_Fire_Only/img/dfe332c3-56d3-481b-be9d-768d73e795e3_4.npy,../data/001_Fire_Only/ann/dfe332c3-56d3-481b-be9d-768d73e795e3_4.npy,False,3,1
dfe332c3-56d3-481b-be9d-768d73e795e3_5,../data/001_Fire_Only/img/dfe332c3-56d3-481b-be9d-768d73e795e3_5.npy,../data/001_Fire_Only/ann/dfe332c3-56d3-481b-be9d-768d73e795e3_5.npy,False,3,1
dfe332c3-56d3-481b-be9d-768d73e795e3_6,../data/001_Fire_Only/img/dfe332c3-56d3-481b-be9d-768d73e795e3_6.npy,../data/001_Fire_Only/ann/dfe332c3-56d3-481b-be9d-768d73e795e3_6.npy,False,3,3
dfe332c3-56d3-481b-be9d-768d73e795e3_7,../data/001_Fire_Only/img/dfe332c3-56d3-481b-be9d-768d73e795e3_7.npy,../data/001_Fire_Only/ann/dfe332c3-56d3-481b-be9d-768d73e795e3_7.npy,False,3,2
dfe332c3-56d3-481b-be9d-768d73e795e3_8,../data/001_Fire_Only/img/dfe332c3-56d3-481b-be9d-768d73e795e3_8.npy,../data/001_Fire_Only/ann/dfe332c3-56d3-481b-be9d-768d73e795e3_8.npy,False,3,3
e0efe271-a46c-4042-a1c0-d937006b0bdb_0,,,True,1,3
e0f11e18-eed0-4eee-972e-6955c2024c19_0,../data/001_Fire_Only/img/e0f11e18-eed0-4eee-972e-6955c2024c19_0.npy,../data/001_Fire_Only/ann/e0f11e18-eed0-4eee-972e-6955c2024c19_0.npy,False,0,3
e23e6cba-4ef0-4e9f-84ec-a363f945de50_0,../data/001_Fire_Only/img/e23e6cba-4ef0-4e9f-84ec-a363f945de50_0.npy,../data/001_Fire_Only/ann/e23e6cba-4ef0-4e9f-84ec-a363f945de50_0.npy,False,0,3
e23e6cba-4ef0-4e9f-84ec-a363f945de50_1,../data/001_Fire_Only/img/e23e6cba-4ef0-4e9f-84ec-a363f945de50_1.npy,../data/001_Fire_Only/ann/e23e6cba-4ef0-4e9f-84ec-a363f945de50_1.npy,False,0,0
e37635d0-82e8-4003-a594-8010c9cfe3b8_0,,,True,4,0
e4bbe158-7556-458a-b80a-1493bb1d1fe2_0,,,True,2,0
e4d4ccde-ef5b-42d8-af66-373320d44e42_0,../data/001_Fire_Only/img/e4d4ccde-ef5b-42d8-af66-373320d44e42_0.npy,../data/001_Fire_Only/ann/e4d4ccde-ef5b-42d8-af66-373320d44e42_0.npy,False,3,3
e4d4ccde-ef5b-42d8-af66-373320d44e42_1,../data/001_Fire_Only/img/e4d4ccde-ef5b-42d8-af66-373320d44e42_1.npy,../data/001_Fire_Only/ann/e4d4ccde-ef5b-42d8-af66-373320d44e42_1.npy,False,3,3
e4d4dbcb-dd92-40cf-a7fe-fda8dd35f367_0,,,True,4,3
e4d4dbcb-dd92-40cf-a7fe-fda8dd35f367_1,,,True,4,1
e4f396b7-b3c4-4ae8-81ed-97326c69315c_0,../data/001_Fire_Only/img/e4f396b7-b3c4-4ae8-81ed-97326c69315c_0.npy,../data/001_Fire_Only/ann/e4f396b7-b3c4-4ae8-81ed-97326c69315c_0.npy,False,1,0
e564293b-29e5-4d28-a2ef-90e2def22e66_0,,,True,0,0
e687a519-cd7d-4267-8c40-275738603543_0,../data/001_Fire_Only/img/e687a519-cd7d-4267-8c40-275738603543_0.npy,../data/001_Fire_Only/ann/e687a519-cd7d-4267-8c40-275738603543_0.npy,False,2,3
e6bfb1eb-48d2-4ce5-bda8-e63d9272eabd_0,../data/001_Fire_Only/img/e6bfb1eb-48d2-4ce5-bda8-e63d9272eabd_0.npy,../data/001_Fire_Only/ann/e6bfb1eb-48d2-4ce5-bda8-e63d9272eabd_0.npy,False,4,1
e6bfb1eb-48d2-4ce5-bda8-e63d9272eabd_1,../data/001_Fire_Only/img/e6bfb1eb-48d2-4ce5-bda8-e63d9272eabd_1.npy,../data/001_Fire_Only/ann/e6bfb1eb-48d2-4ce5-bda8-e63d9272eabd_1.npy,False,4,0
e781b402-b642-4f23-bdbe-d8648adfd5c7_0,,,True,3,3
e8d8a198-a697-441e-b111-106d6c25fd1f_0,,,True,0,2
eb92236e-836b-4bc1-aff0-ecf66d2befa2_0,../data/001_Fire_Only/img/eb92236e-836b-4bc1-aff0-ecf66d2befa2_0.npy,../data/001_Fire_Only/ann/eb92236e-836b-4bc1-aff0-ecf66d2befa2_0.npy,False,0,3
ecc9e0eb-7223-44e9-94b0-1ddfc2d9d5b5_0,../data/001_Fire_Only/img/ecc9e0eb-7223-44e9-94b0-1ddfc2d9d5b5_0.npy,../data/001_Fire_Only/ann/ecc9e0eb-7223-44e9-94b0-1ddfc2d9d5b5_0.npy,False,2,2
edc26d10-4a59-495b-8176-543e46c5cfdd_0,../data/001_Fire_Only/img/edc26d10-4a59-495b-8176-543e46c5cfdd_0.npy,../data/001_Fire_Only/ann/edc26d10-4a59-495b-8176-543e46c5cfdd_0.npy,False,0,1
edc26d10-4a59-495b-8176-543e46c5cfdd_1,../data/001_Fire_Only/img/edc26d10-4a59-495b-8176-543e46c5cfdd_1.npy,../data/001_Fire_Only/ann/edc26d10-4a59-495b-8176-543e46c5cfdd_1.npy,False,0,2
edc26d10-4a59-495b-8176-543e46c5cfdd_2,../data/001_Fire_Only/img/edc26d10-4a59-495b-8176-543e46c5cfdd_2.npy,../data/001_Fire_Only/ann/edc26d10-4a59-495b-8176-543e46c5cfdd_2.npy,False,0,1
edc26d10-4a59-495b-8176-543e46c5cfdd_3,../data/001_Fire_Only/img/edc26d10-4a59-495b-8176-543e46c5cfdd_3.npy,../data/001_Fire_Only/ann/edc26d10-4a59-495b-8176-543e46c5cfdd_3.npy,False,0,3
edc26d10-4a59-495b-8176-543e46c5cfdd_4,../data/001_Fire_Only/img/edc26d10-4a59-495b-8176-543e46c5cfdd_4.npy,../data/001_Fire_Only/ann/edc26d10-4a59-495b-8176-543e46c5cfdd_4.npy,False,0,1
edc26d10-4a59-495b-8176-543e46c5cfdd_5,../data/001_Fire_Only/img/edc26d10-4a59-495b-8176-543e46c5cfdd_5.npy,../data/001_Fire_Only/ann/edc26d10-4a59-495b-8176-543e46c5cfdd_5.npy,False,0,1
ee00694d-3d15-4e5d-a627-5f4db851ff72_0,../data/001_Fire_Only/img/ee00694d-3d15-4e5d-a627-5f4db851ff72_0.npy,../data/001_Fire_Only/ann/ee00694d-3d15-4e5d-a627-5f4db851ff72_0.npy,False,0,1
ee00694d-3d15-4e5d-a627-5f4db851ff72_1,../data/001_Fire_Only/img/ee00694d-3d15-4e5d-a627-5f4db851ff72_1.npy,../data/001_Fire_Only/ann/ee00694d-3d15-4e5d-a627-5f4db851ff72_1.npy,False,0,2
ee00694d-3d15-4e5d-a627-5f4db851ff72_2,../data/001_Fire_Only/img/ee00694d-3d15-4e5d-a627-5f4db851ff72_2.npy,../data/001_Fire_Only/ann/ee00694d-3d15-4e5d-a627-5f4db851ff72_2.npy,False,0,1
ee00694d-3d15-4e5d-a627-5f4db851ff72_3,../data/001_Fire_Only/img/ee00694d-3d15-4e5d-a627-5f4db851ff72_3.npy,../data/001_Fire_Only/ann/ee00694d-3d15-4e5d-a627-5f4db851ff72_3.npy,False,0,3
ee00694d-3d15-4e5d-a627-5f4db851ff72_4,../data/001_Fire_Only/img/ee00694d-3d15-4e5d-a627-5f4db851ff72_4.npy,../data/001_Fire_Only/ann/ee00694d-3d15-4e5d-a627-5f4db851ff72_4.npy,False,0,0
ee00694d-3d15-4e5d-a627-5f4db851ff72_5,../data/001_Fire_Only/img/ee00694d-3d15-4e5d-a627-5f4db851ff72_5.npy,../data/001_Fire_Only/ann/ee00694d-3d15-4e5d-a627-5f4db851ff72_5.npy,False,0,0
ee00694d-3d15-4e5d-a627-5f4db851ff72_6,../data/001_Fire_Only/img/ee00694d-3d15-4e5d-a627-5f4db851ff72_6.npy,../data/001_Fire_Only/ann/ee00694d-3d15-4e5d-a627-5f4db851ff72_6.npy,False,0,3
ee00694d-3d15-4e5d-a627-5f4db851ff72_7,../data/001_Fire_Only/img/ee00694d-3d15-4e5d-a627-5f4db851ff72_7.npy,../data/001_Fire_Only/ann/ee00694d-3d15-4e5d-a627-5f4db851ff72_7.npy,False,0,1
ee00694d-3d15-4e5d-a627-5f4db851ff72_8,../data/001_Fire_Only/img/ee00694d-3d15-4e5d-a627-5f4db851ff72_8.npy,../data/001_Fire_Only/ann/ee00694d-3d15-4e5d-a627-5f4db851ff72_8.npy,False,0,2
ef5600d6-8096-40f5-a180-4dec3648af60_0,../data/001_Fire_Only/img/ef5600d6-8096-40f5-a180-4dec3648af60_0.npy,../data/001_Fire_Only/ann/ef5600d6-8096-40f5-a180-4dec3648af60_0.npy,False,2,2
ef5600d6-8096-40f5-a180-4dec3648af60_1,../data/001_Fire_Only/img/ef5600d6-8096-40f5-a180-4dec3648af60_1.npy,../data/001_Fire_Only/ann/ef5600d6-8096-40f5-a180-4dec3648af60_1.npy,False,2,3
f081c907-6687-4b5e-9dbd-6eff58f41ce0_0,../data/001_Fire_Only/img/f081c907-6687-4b5e-9dbd-6eff58f41ce0_0.npy,../data/001_Fire_Only/ann/f081c907-6687-4b5e-9dbd-6eff58f41ce0_0.npy,False,4,2
f35e170b-6253-4a94-a73d-f70b769f5638_0,../data/001_Fire_Only/img/f35e170b-6253-4a94-a73d-f70b769f5638_0.npy,../data/001_Fire_Only/ann/f35e170b-6253-4a94-a73d-f70b769f5638_0.npy,False,4,3
f44abad0-f8b4-4b61-982b-fbbfe0375822_0,../data/001_Fire_Only/img/f44abad0-f8b4-4b61-982b-fbbfe0375822_0.npy,../data/001_Fire_Only/ann/f44abad0-f8b4-4b61-982b-fbbfe0375822_0.npy,False,0,0
f45f9979-59a8-40ba-acdc-582d7cb1ceae_0,../data/001_Fire_Only/img/f45f9979-59a8-40ba-acdc-582d7cb1ceae_0.npy,../data/001_Fire_Only/ann/f45f9979-59a8-40ba-acdc-582d7cb1ceae_0.npy,False,0,2
f4ca32d7-99bb-4087-9c33-ebb89f6909b1_0,../data/001_Fire_Only/img/f4ca32d7-99bb-4087-9c33-ebb89f6909b1_0.npy,../data/001_Fire_Only/ann/f4ca32d7-99bb-4087-9c33-ebb89f6909b1_0.npy,False,0,0
f4ca32d7-99bb-4087-9c33-ebb89f6909b1_1,../data/001_Fire_Only/img/f4ca32d7-99bb-4087-9c33-ebb89f6909b1_1.npy,../data/001_Fire_Only/ann/f4ca32d7-99bb-4087-9c33-ebb89f6909b1_1.npy,False,0,0
f51a03d7-0a43-467e-b75f-0902ac3fb04b_0,../data/001_Fire_Only/img/f51a03d7-0a43-467e-b75f-0902ac3fb04b_0.npy,../data/001_Fire_Only/ann/f51a03d7-0a43-467e-b75f-0902ac3fb04b_0.npy,False,1,2
f51a03d7-0a43-467e-b75f-0902ac3fb04b_1,../data/001_Fire_Only/img/f51a03d7-0a43-467e-b75f-0902ac3fb04b_1.npy,../data/001_Fire_Only/ann/f51a03d7-0a43-467e-b75f-0902ac3fb04b_1.npy,False,1,2
f51a03d7-0a43-467e-b75f-0902ac3fb04b_2,../data/001_Fire_Only/img/f51a03d7-0a43-467e-b75f-0902ac3fb04b_2.npy,../data/001_Fire_Only/ann/f51a03d7-0a43-467e-b75f-0902ac3fb04b_2.npy,False,1,1
f79606a2-95ba-4470-95e2-bd743a9ee066_0,../data/001_Fire_Only/img/f79606a2-95ba-4470-95e2-bd743a9ee066_0.npy,../data/001_Fire_Only/ann/f79606a2-95ba-4470-95e2-bd743a9ee066_0.npy,False,1,0
f81710d4-5663-43ee-8250-648a7f53e0e4_0,../data/001_Fire_Only/img/f81710d4-5663-43ee-8250-648a7f53e0e4_0.npy,../data/001_Fire_Only/ann/f81710d4-5663-43ee-8250-648a7f53e0e4_0.npy,False,4,2
f973026e-1135-410c-b289-504b03128224_0,../data/001_Fire_Only/img/f973026e-1135-410c-b289-504b03128224_0.npy,../data/001_Fire_Only/ann/f973026e-1135-410c-b289-504b03128224_0.npy,False,4,3
f973026e-1135-410c-b289-504b03128224_1,../data/001_Fire_Only/img/f973026e-1135-410c-b289-504b03128224_1.npy,../data/001_Fire_Only/ann/f973026e-1135-410c-b289-504b03128224_1.npy,False,4,1
f9910997-29f6-47f7-bfeb-7ef0ebee84ca_0,../data/001_Fire_Only/img/f9910997-29f6-47f7-bfeb-7ef0ebee84ca_0.npy,../data/001_Fire_Only/ann/f9910997-29f6-47f7-bfeb-7ef0ebee84ca_0.npy,False,2,3
f9910997-29f6-47f7-bfeb-7ef0ebee84ca_1,../data/001_Fire_Only/img/f9910997-29f6-47f7-bfeb-7ef0ebee84ca_1.npy,../data/001_Fire_Only/ann/f9910997-29f6-47f7-bfeb-7ef0ebee84ca_1.npy,False,2,2
f9910997-29f6-47f7-bfeb-7ef0ebee84ca_2,../data/001_Fire_Only/img/f9910997-29f6-47f7-bfeb-7ef0ebee84ca_2.npy,../data/001_Fire_Only/ann/f9910997-29f6-47f7-bfeb-7ef0ebee84ca_2.npy,False,2,1
f9944cc1-19ba-4a87-8957-52c2f0e7bd21_0,../data/001_Fire_Only/img/f9944cc1-19ba-4a87-8957-52c2f0e7bd21_0.npy,../data/001_Fire_Only/ann/f9944cc1-19ba-4a87-8957-52c2f0e7bd21_0.npy,False,4,2
f9944cc1-19ba-4a87-8957-52c2f0e7bd21_1,../data/001_Fire_Only/img/f9944cc1-19ba-4a87-8957-52c2f0e7bd21_1.npy,../data/001_Fire_Only/ann/f9944cc1-19ba-4a87-8957-52c2f0e7bd21_1.npy,False,4,1
f99b6856-f234-46d3-ade7-d2988691a466_0,,,True,1,3
f9aff531-e36c-4828-a40c-b60913fb1a26_0,../data/001_Fire_Only/img/f9aff531-e36c-4828-a40c-b60913fb1a26_0.npy,../data/001_Fire_Only/ann/f9aff531-e36c-4828-a40c-b60913fb1a26_0.npy,False,3,2
fafc9450-3cf9-4c7f-85d9-baa5671905a6_0,../data/001_Fire_Only/img/fafc9450-3cf9-4c7f-85d9-baa5671905a6_0.npy,../data/001_Fire_Only/ann/fafc9450-3cf9-4c7f-85d9-baa5671905a6_0.npy,False,2,3
fc98afd4-94d8-4470-bcab-f85b96097c13_0,../data/001_Fire_Only/img/fc98afd4-94d8-4470-bcab-f85b96097c13_0.npy,../data/001_Fire_Only/ann/fc98afd4-94d8-4470-bcab-f85b96097c13_0.npy,False,3,1
fde53a49-77c7-48de-85cc-d4633c5c705b_0,,,True,0,0
fde53a49-77c7-48de-85cc-d4633c5c705b_1,,,True,0,2
fe3eec1e-2204-4cde-a2ef-56be8b5effca_0,../data/001_Fire_Only/img/fe3eec1e-2204-4cde-a2ef-56be8b5effca_0.npy,../data/001_Fire_Only/ann/fe3eec1e-2204-4cde-a2ef-56be8b5effca_0.npy,False,1,0
fe3eec1e-2204-4cde-a2ef-56be8b5effca_1,../data/001_Fire_Only/img/fe3eec1e-2204-4cde-a2ef-56be8b5effca_1.npy,../data/001_Fire_Only/ann/fe3eec1e-2204-4cde-a2ef-56be8b5effca_1.npy,False,1,0
feb08801-64b1-4d11-a3fc-0efaad1f4274_0,../data/001_Fire_Only/img/feb08801-64b1-4d11-a3fc-0efaad1f4274_0.npy,../data/001_Fire_Only/ann/feb08801-64b1-4d11-a3fc-0efaad1f4274_0.npy,False,4,2
fed23a7b-a147-46e4-b109-881ef770fd5d_0,,,True,3,2
